"subj","month","year","month_name","pl","gmd","gm","r","f","m","sl","n_agg_g","n_agg_r","n_obs","mrank","group","fai","fai_cat","avg_rain"
"allo",8,2015,"aug",0.0444444444444444,0.0555555555555556,0,0.238888888888889,0.372222222222222,0.15,0,0,0,180,0.636,"twn",521089.197916667,"low",8.24193548387097
"allo",9,2015,"sep",0.0838926174496644,0.00671140939597315,0,0.231543624161074,0.432885906040268,0.134228187919463,0,0,1,298,0.636,"twn",6504451.17291667,"low",7.55
"allo",10,2015,"oct",0,0.0133333333333333,0,0.25,0.313333333333333,0.216666666666667,0,0,0,300,0.636,"twn",5597218.68541667,"low",7.49032258064516
"allo",11,2015,"nov",0.0333333333333333,0.02,0,0.313333333333333,0.276666666666667,0.206666666666667,0,4,1,300,0.636,"twn",119557042.557833,"med",9.96
"allo",12,2015,"dec",0.0133333333333333,0.06,0,0.296666666666667,0.373333333333333,0.173333333333333,0,0,0,300,0.636,"twn",188108038.364583,"hi",5.9
"allo",1,2016,"jan",0.0598006644518272,0.00996677740863787,0.00332225913621262,0.398671096345515,0.222591362126246,0.209302325581395,0.026578073089701,0,0,301,0.636,"twn",187602350.308333,"hi",2.85483870967742
"allo",2,2016,"feb",0.0166666666666667,0,0,0.397222222222222,0.244444444444444,0.225,0,2,0,360,0.636,"twn",572666.5375,"low",1.33448275862069
"allo",3,2016,"mar",0.226666666666667,0,0,0.353333333333333,0.2,0.16,0,1,1,300,0.636,"twn",106302595.085417,"med",2.5
"amos",8,2015,"aug",0.0391061452513966,0,0,0.329608938547486,0.402234636871508,0.100558659217877,0,4,1,179,0.636,"twn",521089.197916667,"low",8.24193548387097
"amos",9,2015,"sep",0.0433333333333333,0.00666666666666667,0.00666666666666667,0.34,0.356666666666667,0.17,0,0,0,300,0.636,"twn",6504451.17291667,"low",7.55
"amos",10,2015,"oct",0.06,0.0266666666666667,0.01,0.333333333333333,0.263333333333333,0.203333333333333,0,1,2,300,0.636,"twn",5597218.68541667,"low",7.49032258064516
"amos",11,2015,"nov",0.0133333333333333,0.0366666666666667,0.0166666666666667,0.373333333333333,0.27,0.173333333333333,0,0,2,300,0.636,"twn",119557042.557833,"med",9.96
"amos",12,2015,"dec",0.110367892976589,0,0.0133779264214047,0.301003344481605,0.331103678929766,0.180602006688963,0,0,0,299,0.636,"twn",188108038.364583,"hi",5.9
"amos",1,2016,"jan",0.0299003322259136,0.00664451827242525,0.0232558139534884,0.408637873754153,0.27906976744186,0.18936877076412,0,0,0,301,0.636,"twn",187602350.308333,"hi",2.85483870967742
"amos",2,2016,"feb",0.00277777777777778,0,0,0.45,0.316666666666667,0.144444444444444,0,3,2,360,0.636,"twn",572666.5375,"low",1.33448275862069
"amos",3,2016,"mar",0.0392857142857143,0.0357142857142857,0.0285714285714286,0.371428571428571,0.235714285714286,0.214285714285714,0,3,2,280,0.636,"twn",106302595.085417,"med",2.5
"atom",8,2015,"aug",0,0.00555555555555556,0.0777777777777778,0.338888888888889,0.372222222222222,0.116666666666667,0,2,1,180,0.556,"tws",7755239.42916667,"low",8.24193548387097
"atom",9,2015,"sep",0,0.04,0.0233333333333333,0.413333333333333,0.296666666666667,0.173333333333333,0,0,4,300,0.556,"tws",13291529.0777778,"low",7.55
"atom",10,2015,"oct",0,0.05625,0.04375,0.384375,0.284375,0.140625,0,0,3,320,0.556,"tws",8685715.30416667,"low",7.49032258064516
"atom",11,2015,"nov",0,0.0132890365448505,0.0631229235880399,0.332225913621262,0.285714285714286,0.186046511627907,0,3,1,301,0.556,"tws",131187483.281444,"med",9.96
"atom",12,2015,"dec",0.00666666666666667,0.00333333333333333,0,0.31,0.39,0.186666666666667,0,1,6,300,0.556,"tws",237582652.334722,"hi",5.9
"atom",1,2016,"jan",0,0.03,0.0866666666666667,0.386666666666667,0.26,0.14,0,1,2,300,0.556,"tws",238110609.245833,"hi",2.85483870967742
"atom",2,2016,"feb",0.00277777777777778,0.00833333333333333,0.0805555555555556,0.297222222222222,0.375,0.155555555555556,0,5,8,360,0.556,"tws",3108847.49027778,"low",1.33448275862069
"atom",3,2016,"mar",0.03,0.0133333333333333,0.0433333333333333,0.403333333333333,0.223333333333333,0.166666666666667,0,2,1,300,0.556,"tws",108977575.177778,"med",2.5
"bike",8,2015,"aug",0.0222222222222222,0.0222222222222222,0.0333333333333333,0.377777777777778,0.338888888888889,0.138888888888889,0,2,0,180,0.261,"tws",7755239.42916667,"low",8.24193548387097
"bike",9,2015,"sep",0.00666666666666667,0.0166666666666667,0.01,0.416666666666667,0.333333333333333,0.166666666666667,0,1,2,300,0.261,"tws",13291529.0777778,"low",7.55
"bike",10,2015,"oct",0,0.00940438871473354,0,0.38871473354232,0.326018808777429,0.181818181818182,0,0,0,319,0.261,"tws",8685715.30416667,"low",7.49032258064516
"bike",11,2015,"nov",0,0.00333333333333333,0.00333333333333333,0.32,0.4,0.16,0,1,3,300,0.261,"tws",131187483.281444,"med",9.96
"bike",12,2015,"dec",0.0166666666666667,0.0433333333333333,0.01,0.366666666666667,0.29,0.176666666666667,0,1,1,300,0.261,"tws",237582652.334722,"hi",5.9
"bike",1,2016,"jan",0.0433333333333333,0,0,0.33,0.39,0.16,0,3,3,300,0.261,"tws",238110609.245833,"hi",2.85483870967742
"bike",2,2016,"feb",0,0.0194986072423398,0.011142061281337,0.309192200557103,0.506963788300836,0.100278551532033,0,0,2,359,0.261,"tws",3108847.49027778,"low",1.33448275862069
"bike",3,2016,"mar",0.0733333333333333,0.0366666666666667,0.02,0.513333333333333,0.156666666666667,0.14,0.0166666666666667,2,0,300,0.261,"tws",108977575.177778,"med",2.5
"blas",8,2015,"aug",0,0,0,0.411111111111111,0.311111111111111,0.205555555555556,0,0,2,180,0.13,"tws",7755239.42916667,"low",8.24193548387097
"blas",9,2015,"sep",0.0133333333333333,0.05,0.0333333333333333,0.346666666666667,0.323333333333333,0.18,0,1,2,300,0.13,"tws",13291529.0777778,"low",7.55
"blas",10,2015,"oct",0.015625,0,0,0.2625,0.378125,0.209375,0,0,0,320,0.13,"tws",8685715.30416667,"low",7.49032258064516
"blas",11,2015,"nov",0.0433333333333333,0.0233333333333333,0,0.396666666666667,0.253333333333333,0.183333333333333,0,0,0,300,0.13,"tws",131187483.281444,"med",9.96
"blas",12,2015,"dec",0,0,0,0.31,0.34,0.23,0,0,0,300,0.13,"tws",237582652.334722,"hi",5.9
"blas",1,2016,"jan",0.0833333333333333,0.0133333333333333,0.00666666666666667,0.303333333333333,0.326666666666667,0.153333333333333,0,0,0,300,0.13,"tws",238110609.245833,"hi",2.85483870967742
"blas",2,2016,"feb",0.0696378830083565,0.0250696378830084,0,0.33983286908078,0.317548746518106,0.178272980501393,0,2,2,359,0.13,"tws",3108847.49027778,"low",1.33448275862069
"blas",3,2016,"mar",0.184563758389262,0,0,0.385906040268456,0.184563758389262,0.151006711409396,0.0402684563758389,0,0,298,0.13,"tws",108977575.177778,"med",2.5
"bong",8,2015,"aug",0.00555555555555556,0,0.00555555555555556,0.411111111111111,0.183333333333333,0.227777777777778,0,0,1,180,0.696,"tws",7755239.42916667,"low",8.24193548387097
"bong",9,2015,"sep",0.03,0.02,0,0.276666666666667,0.313333333333333,0.236666666666667,0,3,2,300,0.696,"tws",13291529.0777778,"low",7.55
"bong",10,2015,"oct",0.04375,0.003125,0,0.359375,0.303125,0.18125,0,0,0,320,0.696,"tws",8685715.30416667,"low",7.49032258064516
"bong",11,2015,"nov",0.00333333333333333,0.0466666666666667,0,0.403333333333333,0.213333333333333,0.226666666666667,0,1,1,300,0.696,"tws",131187483.281444,"med",9.96
"bong",12,2015,"dec",0.03,0,0,0.296666666666667,0.406666666666667,0.17,0,1,0,300,0.696,"tws",237582652.334722,"hi",5.9
"bong",1,2016,"jan",0.0733333333333333,0,0,0.353333333333333,0.303333333333333,0.19,0,2,2,300,0.696,"tws",238110609.245833,"hi",2.85483870967742
"bong",2,2016,"feb",0.0166204986149584,0.0166204986149584,0.00554016620498615,0.365650969529086,0.315789473684211,0.155124653739612,0,2,3,361,0.696,"tws",3108847.49027778,"low",1.33448275862069
"bong",3,2016,"mar",0.123333333333333,0.0133333333333333,0.00666666666666667,0.34,0.206666666666667,0.18,0,0,0,300,0.696,"tws",108977575.177778,"med",2.5
"boyd",8,2015,"aug",0,0.0888888888888889,0.0333333333333333,0.433333333333333,0.205555555555556,0.127777777777778,0,0,2,180,0.217,"tws",7755239.42916667,"low",8.24193548387097
"boyd",9,2015,"sep",0.0133333333333333,0.0333333333333333,0.0233333333333333,0.35,0.273333333333333,0.19,0,1,6,300,0.217,"tws",13291529.0777778,"low",7.55
"boyd",10,2015,"oct",0,0.046875,0.01875,0.278125,0.378125,0.203125,0,2,2,320,0.217,"tws",8685715.30416667,"low",7.49032258064516
"boyd",11,2015,"nov",0,0.00333333333333333,0.0333333333333333,0.403333333333333,0.29,0.18,0,2,2,300,0.217,"tws",131187483.281444,"med",9.96
"boyd",12,2015,"dec",0.0233333333333333,0.0133333333333333,0.0133333333333333,0.44,0.266666666666667,0.153333333333333,0,1,0,300,0.217,"tws",237582652.334722,"hi",5.9
"boyd",1,2016,"jan",0.040133779264214,0.020066889632107,0,0.374581939799331,0.25752508361204,0.217391304347826,0,0,1,299,0.217,"tws",238110609.245833,"hi",2.85483870967742
"boyd",2,2016,"feb",0.0277777777777778,0.025,0.0194444444444444,0.319444444444444,0.327777777777778,0.169444444444444,0,2,1,360,0.217,"tws",3108847.49027778,"low",1.33448275862069
"boyd",3,2016,"mar",0.0333333333333333,0.00666666666666667,0.04,0.416666666666667,0.19,0.21,0,2,4,300,0.217,"tws",108977575.177778,"med",2.5
"brav",8,2015,"aug",0,0.0444444444444444,0.0111111111111111,0.577777777777778,0.116666666666667,0.177777777777778,0,0,2,180,0.826,"tws",7755239.42916667,"low",8.24193548387097
"brav",9,2015,"sep",0.01,0.0133333333333333,0.01,0.303333333333333,0.356666666666667,0.21,0,0,2,300,0.826,"tws",13291529.0777778,"low",7.55
"brav",10,2015,"oct",0.009375,0.021875,0.0125,0.3125,0.31875,0.2125,0,1,0,320,0.826,"tws",8685715.30416667,"low",7.49032258064516
"brav",11,2015,"nov",0.0166666666666667,0.00666666666666667,0,0.33,0.32,0.21,0,0,0,300,0.826,"tws",131187483.281444,"med",9.96
"brav",12,2015,"dec",0.079734219269103,0.00332225913621262,0.00332225913621262,0.352159468438538,0.3421926910299,0.146179401993355,0,0,0,301,0.826,"tws",237582652.334722,"hi",5.9
"brav",1,2016,"jan",0.12,0.0133333333333333,0.00333333333333333,0.42,0.153333333333333,0.183333333333333,0.0133333333333333,0,0,300,0.826,"tws",238110609.245833,"hi",2.85483870967742
"brav",2,2016,"feb",0.0526315789473684,0.00263157894736842,0,0.386842105263158,0.278947368421053,0.176315789473684,0.0157894736842105,0,2,380,0.826,"tws",3108847.49027778,"low",1.33448275862069
"brav",3,2016,"mar",0.0866666666666667,0.00333333333333333,0,0.336666666666667,0.216666666666667,0.23,0,3,0,300,0.826,"tws",108977575.177778,"med",2.5
"brog",8,2015,"aug",0,0,0.05,0.505,0.135,0.205,0,0,2,200,0.826,"tws",7755239.42916667,"low",8.24193548387097
"brog",9,2015,"sep",0,0.00333333333333333,0.0166666666666667,0.423333333333333,0.263333333333333,0.21,0,2,0,300,0.826,"tws",13291529.0777778,"low",7.55
"brog",10,2015,"oct",0,0,0.08,0.29,0.336666666666667,0.18,0,1,0,300,0.826,"tws",8685715.30416667,"low",7.49032258064516
"brog",11,2015,"nov",0,0.00668896321070234,0.0568561872909699,0.481605351170569,0.234113712374582,0.147157190635452,0,1,0,299,0.826,"tws",131187483.281444,"med",9.96
"brog",12,2015,"dec",0.0233333333333333,0.00333333333333333,0.06,0.376666666666667,0.24,0.216666666666667,0,2,0,300,0.826,"tws",237582652.334722,"hi",5.9
"brog",1,2016,"jan",0.0366666666666667,0.00666666666666667,0.02,0.373333333333333,0.263333333333333,0.206666666666667,0,1,0,300,0.826,"tws",238110609.245833,"hi",2.85483870967742
"brog",2,2016,"feb",0,0,0.0166666666666667,0.3,0.397222222222222,0.15,0,1,1,360,0.826,"tws",3108847.49027778,"low",1.33448275862069
"brog",3,2016,"mar",0.0233333333333333,0.03,0.103333333333333,0.483333333333333,0.126666666666667,0.143333333333333,0,0,1,300,0.826,"tws",108977575.177778,"med",2.5
"burn",8,2015,"aug",0,0,0.05,0.327777777777778,0.355555555555556,0.2,0,0,1,180,0.13,"tws",7755239.42916667,"low",8.24193548387097
"burn",9,2015,"sep",0,0,0.02,0.3,0.37,0.213333333333333,0,2,2,300,0.13,"tws",13291529.0777778,"low",7.55
"burn",10,2015,"oct",0,0.0125,0.040625,0.28125,0.3625,0.209375,0,0,1,320,0.13,"tws",8685715.30416667,"low",7.49032258064516
"burn",11,2015,"nov",0,0,0.0166666666666667,0.336666666666667,0.373333333333333,0.15,0,0,3,300,0.13,"tws",131187483.281444,"med",9.96
"burn",12,2015,"dec",0,0.00666666666666667,0.0333333333333333,0.45,0.183333333333333,0.236666666666667,0,0,0,300,0.13,"tws",237582652.334722,"hi",5.9
"burn",1,2016,"jan",0.00333333333333333,0.0633333333333333,0.123333333333333,0.33,0.316666666666667,0.11,0,1,2,300,0.13,"tws",238110609.245833,"hi",2.85483870967742
"burn",2,2016,"feb",0.00833333333333333,0.0388888888888889,0.0666666666666667,0.283333333333333,0.388888888888889,0.133333333333333,0,0,3,360,0.13,"tws",3108847.49027778,"low",1.33448275862069
"burn",3,2016,"mar",0.0166666666666667,0,0.0433333333333333,0.423333333333333,0.213333333333333,0.21,0,0,6,300,0.13,"tws",108977575.177778,"med",2.5
"dais",8,2015,"aug",0,0,0,0.355555555555556,0.311111111111111,0.216666666666667,0,0,4,180,0,"gn",44096.4490384615,"low",8.24193548387097
"dais",9,2015,"sep",0,0.0666666666666667,0.0466666666666667,0.29,0.443333333333333,0.113333333333333,0,0,0,300,0,"gn",7298089.98653846,"low",7.55
"dais",10,2015,"oct",0,0.01875,0.03125,0.29375,0.390625,0.178125,0,1,2,320,0,"gn",6099094.65192308,"low",7.49032258064516
"dais",11,2015,"nov",0,0.00666666666666667,0.01,0.433333333333333,0.32,0.15,0,0,0,300,0,"gn",117032983.428846,"med",9.96
"dais",12,2015,"dec",0,0.0733333333333333,0.0866666666666667,0.366666666666667,0.23,0.163333333333333,0,0,0,300,0,"gn",206628053.235577,"hi",5.9
"dais",1,2016,"jan",0.00333333333333333,0.0366666666666667,0.0466666666666667,0.373333333333333,0.28,0.196666666666667,0,0,2,300,0,"gn",224542994.659615,"hi",2.85483870967742
"dais",2,2016,"feb",0,0.0222222222222222,0.0277777777777778,0.375,0.338888888888889,0.172222222222222,0,2,3,360,0,"gn",1746739.10288462,"low",1.33448275862069
"dais",3,2016,"mar",0,0.02,0.05,0.383333333333333,0.236666666666667,0.176666666666667,0,0,3,300,0,"gn",40715871.9509615,"low",2.5
"dame",8,2015,"aug",0.0388888888888889,0.00555555555555556,0.0222222222222222,0.355555555555556,0.25,0.261111111111111,0,0,0,180,0.957,"tws",7755239.42916667,"low",8.24193548387097
"dame",9,2015,"sep",0,0.0666666666666667,0.06,0.33,0.253333333333333,0.2,0,4,5,300,0.957,"tws",13291529.0777778,"low",7.55
"dame",10,2015,"oct",0,0.053125,0.034375,0.21875,0.353125,0.19375,0,0,0,320,0.957,"tws",8685715.30416667,"low",7.49032258064516
"dame",11,2015,"nov",0,0.0833333333333333,0.0433333333333333,0.3,0.29,0.166666666666667,0,0,1,300,0.957,"tws",131187483.281444,"med",9.96
"dame",12,2015,"dec",0.00666666666666667,0.00666666666666667,0.0166666666666667,0.383333333333333,0.343333333333333,0.176666666666667,0,0,1,300,0.957,"tws",237582652.334722,"hi",5.9
"dame",1,2016,"jan",0.07,0.0133333333333333,0.0166666666666667,0.383333333333333,0.24,0.176666666666667,0,5,0,300,0.957,"tws",238110609.245833,"hi",2.85483870967742
"dame",2,2016,"feb",0.0194444444444444,0,0.0138888888888889,0.363888888888889,0.355555555555556,0.15,0.0277777777777778,4,2,360,0.957,"tws",3108847.49027778,"low",1.33448275862069
"dame",3,2016,"mar",0.0133333333333333,0,0.04,0.536666666666667,0.15,0.19,0,1,2,300,0.957,"tws",108977575.177778,"med",2.5
"dann",8,2015,"aug",0,0,0,0.366666666666667,0.266666666666667,0.266666666666667,0,0,2,180,0,"gn",44096.4490384615,"low",8.24193548387097
"dann",9,2015,"sep",0,0.0125,0.003125,0.3875,0.3,0.240625,0,0,5,320,0,"gn",7298089.98653846,"low",7.55
"dann",10,2015,"oct",0.0155763239875389,0.0155763239875389,0.0186915887850467,0.370716510903427,0.227414330218069,0.289719626168224,0,0,6,321,0,"gn",6099094.65192308,"low",7.49032258064516
"dann",11,2015,"nov",0.02,0.02,0,0.416666666666667,0.296666666666667,0.163333333333333,0,0,4,300,0,"gn",117032983.428846,"med",9.96
"dann",12,2015,"dec",0.06875,0,0,0.3375,0.34375,0.19375,0,0,4,160,0,"gn",206628053.235577,"hi",5.9
"davi",8,2015,"aug",0,0.0555555555555556,0.0166666666666667,0.333333333333333,0.3,0.177777777777778,0,2,0,180,1,"twn",521089.197916667,"low",8.24193548387097
"davi",9,2015,"sep",0,0.0266666666666667,0,0.3,0.39,0.163333333333333,0,0,0,300,1,"twn",6504451.17291667,"low",7.55
"davi",10,2015,"oct",0,0.0231788079470199,0.00993377483443709,0.374172185430464,0.258278145695364,0.188741721854305,0,0,0,302,1,"twn",5597218.68541667,"low",7.49032258064516
"davi",11,2015,"nov",0,0.04,0.03,0.353333333333333,0.283333333333333,0.153333333333333,0,1,0,300,1,"twn",119557042.557833,"med",9.96
"davi",12,2015,"dec",0.00333333333333333,0.0266666666666667,0.02,0.396666666666667,0.216666666666667,0.19,0.0366666666666667,1,0,300,1,"twn",188108038.364583,"hi",5.9
"davi",1,2016,"jan",0.01,0.03,0.02,0.4,0.306666666666667,0.183333333333333,0,1,0,300,1,"twn",187602350.308333,"hi",2.85483870967742
"davi",2,2016,"feb",0,0.0305555555555556,0.0583333333333333,0.333333333333333,0.297222222222222,0.186111111111111,0,0,0,360,1,"twn",572666.5375,"low",1.33448275862069
"davi",3,2016,"mar",0.0233333333333333,0.0466666666666667,0.01,0.406666666666667,0.21,0.196666666666667,0,0,1,300,1,"twn",106302595.085417,"med",2.5
"dean",8,2015,"aug",0.0167597765363128,0,0.0223463687150838,0.346368715083799,0.424581005586592,0.139664804469274,0,2,7,179,0.211,"gn",44096.4490384615,"low",8.24193548387097
"dean",9,2015,"sep",0,0,0,0.383333333333333,0.366666666666667,0.18,0,2,4,300,0.211,"gn",7298089.98653846,"low",7.55
"dean",10,2015,"oct",0.034375,0.0125,0.01875,0.41875,0.296875,0.175,0,0,3,320,0.211,"gn",6099094.65192308,"low",7.49032258064516
"dean",11,2015,"nov",0.02,0.03,0.01,0.426666666666667,0.266666666666667,0.203333333333333,0.00333333333333333,1,0,300,0.211,"gn",117032983.428846,"med",9.96
"dean",12,2015,"dec",0.01,0.0466666666666667,0.0133333333333333,0.393333333333333,0.306666666666667,0.163333333333333,0,0,2,300,0.211,"gn",206628053.235577,"hi",5.9
"dean",1,2016,"jan",0.0133333333333333,0.0266666666666667,0.00666666666666667,0.4,0.31,0.173333333333333,0,1,4,300,0.211,"gn",224542994.659615,"hi",2.85483870967742
"dean",2,2016,"feb",0.0166666666666667,0.0111111111111111,0.00277777777777778,0.472222222222222,0.277777777777778,0.158333333333333,0.00277777777777778,1,6,360,0.211,"gn",1746739.10288462,"low",1.33448275862069
"dean",3,2016,"mar",0.0433333333333333,0.0166666666666667,0.00666666666666667,0.36,0.276666666666667,0.21,0,1,4,300,0.211,"gn",40715871.9509615,"low",2.5
"dext",8,2015,"aug",0,0.0111111111111111,0,0.444444444444444,0.233333333333333,0.211111111111111,0,0,0,180,0.579,"gn",44096.4490384615,"low",8.24193548387097
"dext",9,2015,"sep",0,0.0100334448160535,0,0.31438127090301,0.414715719063545,0.193979933110368,0,1,0,299,0.579,"gn",7298089.98653846,"low",7.55
"dext",10,2015,"oct",0.00625,0,0,0.30625,0.35625,0.240625,0,0,0,320,0.579,"gn",6099094.65192308,"low",7.49032258064516
"dext",11,2015,"nov",0.00664451827242525,0,0,0.378737541528239,0.32890365448505,0.199335548172757,0,0,0,301,0.579,"gn",117032983.428846,"med",9.96
"dext",12,2015,"dec",0.0133333333333333,0.00333333333333333,0,0.316666666666667,0.38,0.226666666666667,0,0,0,300,0.579,"gn",206628053.235577,"hi",5.9
"dext",1,2016,"jan",0.03125,0.003125,0,0.3,0.409375,0.178125,0,0,0,320,0.579,"gn",224542994.659615,"hi",2.85483870967742
"dext",2,2016,"feb",0.0277777777777778,0.0138888888888889,0,0.491666666666667,0.225,0.172222222222222,0,0,1,360,0.579,"gn",1746739.10288462,"low",1.33448275862069
"dext",3,2016,"mar",0.0833333333333333,0.04,0,0.316666666666667,0.283333333333333,0.2,0,4,1,300,0.579,"gn",40715871.9509615,"low",2.5
"dubl",8,2015,"aug",0,0.0277777777777778,0,0.505555555555556,0.227777777777778,0.172222222222222,0,4,1,180,0.957,"tws",7755239.42916667,"low",8.24193548387097
"dubl",9,2015,"sep",0.03,0.00666666666666667,0.00666666666666667,0.41,0.38,0.103333333333333,0.00333333333333333,4,4,300,0.957,"tws",13291529.0777778,"low",7.55
"dubl",10,2015,"oct",0,0,0,0.365625,0.3625,0.16875,0,3,0,320,0.957,"tws",8685715.30416667,"low",7.49032258064516
"dubl",11,2015,"nov",0.0566666666666667,0,0.00333333333333333,0.396666666666667,0.286666666666667,0.16,0,2,4,300,0.957,"tws",131187483.281444,"med",9.96
"dubl",12,2015,"dec",0.03,0,0.00333333333333333,0.333333333333333,0.43,0.14,0,5,0,300,0.957,"tws",237582652.334722,"hi",5.9
"dubl",1,2016,"jan",0.040133779264214,0,0.0167224080267559,0.357859531772575,0.377926421404682,0.147157190635452,0.00334448160535117,1,0,299,0.957,"tws",238110609.245833,"hi",2.85483870967742
"dubl",2,2016,"feb",0.0333333333333333,0.0111111111111111,0.0222222222222222,0.344444444444444,0.319444444444444,0.177777777777778,0,3,1,360,0.957,"tws",3108847.49027778,"low",1.33448275862069
"dubl",3,2016,"mar",0.16,0,0,0.386666666666667,0.146666666666667,0.156666666666667,0.0666666666666667,1,1,300,0.957,"tws",108977575.177778,"med",2.5
"fris",8,2015,"aug",0.0111731843575419,0,0.0167597765363128,0.597765363128492,0.167597765363128,0.17877094972067,0,1,1,179,0.625,"tws",7755239.42916667,"low",8.24193548387097
"fris",9,2015,"sep",0,0.012448132780083,0.037344398340249,0.493775933609959,0.282157676348548,0.128630705394191,0,5,7,241,0.625,"tws",13291529.0777778,"low",7.55
"fris",10,2015,"oct",0,0,0,0.4375,0.353125,0.15,0,0,1,320,0.625,"tws",8685715.30416667,"low",7.49032258064516
"fris",11,2015,"nov",0.0166666666666667,0.0133333333333333,0.0233333333333333,0.43,0.26,0.143333333333333,0,4,6,300,0.625,"tws",131187483.281444,"med",9.96
"fris",12,2015,"dec",0.0332225913621262,0,0.00332225913621262,0.465116279069767,0.219269102990033,0.192691029900332,0,7,1,301,0.625,"tws",237582652.334722,"hi",5.9
"fris",1,2016,"jan",0.0564784053156146,0.00996677740863787,0,0.538205980066445,0.166112956810631,0.166112956810631,0,0,1,301,0.625,"tws",238110609.245833,"hi",2.85483870967742
"fris",2,2016,"feb",0.0138888888888889,0,0,0.561111111111111,0.213888888888889,0.152777777777778,0,2,5,360,0.625,"tws",3108847.49027778,"low",1.33448275862069
"fris",3,2016,"mar",0.02,0.0333333333333333,0.02,0.573333333333333,0.143333333333333,0.126666666666667,0,1,1,300,0.625,"tws",108977575.177778,"med",2.5
"kabu",8,2015,"aug",0,0.0388888888888889,0,0.294444444444444,0.35,0.2,0,0,0,180,0.455,"twn",521089.197916667,"low",8.24193548387097
"kabu",9,2015,"sep",0,0,0.01,0.236666666666667,0.433333333333333,0.19,0,0,0,300,0.455,"twn",6504451.17291667,"low",7.55
"kabu",10,2015,"oct",0.00940438871473354,0.0250783699059561,0.0188087774294671,0.31974921630094,0.25705329153605,0.203761755485893,0,0,2,319,0.455,"twn",5597218.68541667,"low",7.49032258064516
"kabu",11,2015,"nov",0,0.0167224080267559,0,0.317725752508361,0.311036789297659,0.210702341137124,0,0,4,299,0.455,"twn",119557042.557833,"med",9.96
"kabu",12,2015,"dec",0,0.0133333333333333,0.00666666666666667,0.373333333333333,0.276666666666667,0.23,0,0,0,300,0.455,"twn",188108038.364583,"hi",5.9
"kabu",1,2016,"jan",0.00668896321070234,0.0100334448160535,0.0100334448160535,0.391304347826087,0.297658862876254,0.210702341137124,0,1,0,299,0.455,"twn",187602350.308333,"hi",2.85483870967742
"kabu",2,2016,"feb",0,0.0166666666666667,0.00555555555555556,0.338888888888889,0.391666666666667,0.141666666666667,0,0,5,360,0.455,"twn",572666.5375,"low",1.33448275862069
"kabu",3,2016,"mar",0.02,0.0466666666666667,0.00666666666666667,0.473333333333333,0.183333333333333,0.196666666666667,0,0,1,300,0.455,"twn",106302595.085417,"med",2.5
"keny",8,2015,"aug",0.065,0,0,0.315,0.385,0.13,0,1,1,200,0.455,"twn",521089.197916667,"low",8.24193548387097
"keny",9,2015,"sep",0.0366666666666667,0.0233333333333333,0.02,0.313333333333333,0.383333333333333,0.123333333333333,0,1,2,300,0.455,"twn",6504451.17291667,"low",7.55
"keny",10,2015,"oct",0.0866666666666667,0,0,0.26,0.316666666666667,0.216666666666667,0,0,1,300,0.455,"twn",5597218.68541667,"low",7.49032258064516
"keny",11,2015,"nov",0,0.01,0.01,0.386666666666667,0.27,0.193333333333333,0,0,4,300,0.455,"twn",119557042.557833,"med",9.96
"keny",12,2015,"dec",0.0132890365448505,0.0332225913621262,0.00664451827242525,0.425249169435216,0.285714285714286,0.159468438538206,0,0,1,301,0.455,"twn",188108038.364583,"hi",5.9
"keny",1,2016,"jan",0.0730897009966777,0,0,0.348837209302326,0.348837209302326,0.159468438538206,0,0,0,301,0.455,"twn",187602350.308333,"hi",2.85483870967742
"keny",2,2016,"feb",0.0166666666666667,0.0194444444444444,0.0194444444444444,0.444444444444444,0.294444444444444,0.125,0,0,1,360,0.455,"twn",572666.5375,"low",1.33448275862069
"keny",3,2016,"mar",0.0733333333333333,0.0266666666666667,0.0166666666666667,0.37,0.256666666666667,0.18,0,6,4,300,0.455,"twn",106302595.085417,"med",2.5
"king",8,2015,"aug",0,0.0222222222222222,0.0166666666666667,0.355555555555556,0.272222222222222,0.216666666666667,0,1,0,180,0.364,"twn",521089.197916667,"low",8.24193548387097
"king",9,2015,"sep",0.00333333333333333,0.0333333333333333,0.0166666666666667,0.353333333333333,0.323333333333333,0.16,0,1,0,300,0.364,"twn",6504451.17291667,"low",7.55
"king",10,2015,"oct",0.25625,0,0.0125,0.296875,0.16875,0.196875,0,0,1,320,0.364,"twn",5597218.68541667,"low",7.49032258064516
"king",11,2015,"nov",0.1,0,0,0.39,0.23,0.163333333333333,0,0,2,300,0.364,"twn",119557042.557833,"med",9.96
"king",12,2015,"dec",0.0566666666666667,0,0,0.413333333333333,0.276666666666667,0.16,0,0,0,300,0.364,"twn",188108038.364583,"hi",5.9
"king",1,2016,"jan",0.0434782608695652,0,0,0.364548494983278,0.37123745819398,0.157190635451505,0,0,0,299,0.364,"twn",187602350.308333,"hi",2.85483870967742
"king",2,2016,"feb",0.0361111111111111,0.00833333333333333,0,0.394444444444444,0.311111111111111,0.163888888888889,0,0,0,360,0.364,"twn",572666.5375,"low",1.33448275862069
"king",3,2016,"mar",0.053156146179402,0.026578073089701,0.0166112956810631,0.378737541528239,0.232558139534884,0.182724252491694,0.0598006644518272,0,3,301,0.364,"twn",106302595.085417,"med",2.5
"mayh",8,2015,"aug",0,0.00555555555555556,0.0111111111111111,0.266666666666667,0.477777777777778,0.166666666666667,0,4,1,180,0.789,"gn",44096.4490384615,"low",8.24193548387097
"mayh",9,2015,"sep",0,0.03,0.0633333333333333,0.29,0.413333333333333,0.166666666666667,0,2,0,300,0.789,"gn",7298089.98653846,"low",7.55
"mayh",10,2015,"oct",0,0.021875,0.05625,0.25625,0.4875,0.146875,0,2,3,320,0.789,"gn",6099094.65192308,"low",7.49032258064516
"mayh",11,2015,"nov",0,0.1,0.04,0.283333333333333,0.36,0.156666666666667,0,0,0,300,0.789,"gn",117032983.428846,"med",9.96
"mayh",12,2015,"dec",0,0.0166666666666667,0.02,0.413333333333333,0.28,0.193333333333333,0,1,0,300,0.789,"gn",206628053.235577,"hi",5.9
"mayh",1,2016,"jan",0,0.0367892976588629,0.0468227424749164,0.361204013377926,0.280936454849498,0.150501672240803,0.0635451505016722,1,1,299,0.789,"gn",224542994.659615,"hi",2.85483870967742
"mayh",2,2016,"feb",0.00555555555555556,0.0583333333333333,0.0888888888888889,0.383333333333333,0.241666666666667,0.161111111111111,0,5,3,360,0.789,"gn",1746739.10288462,"low",1.33448275862069
"mayh",3,2016,"mar",0.0167785234899329,0.0335570469798658,0.063758389261745,0.298657718120805,0.268456375838926,0.228187919463087,0,6,1,298,0.789,"gn",40715871.9509615,"low",2.5
"mend",8,2015,"aug",0.0166666666666667,0.0111111111111111,0.0388888888888889,0.383333333333333,0.327777777777778,0.144444444444444,0,1,1,180,0.737,"gn",44096.4490384615,"low",8.24193548387097
"mend",9,2015,"sep",0,0,0.0533333333333333,0.256666666666667,0.483333333333333,0.16,0,1,0,300,0.737,"gn",7298089.98653846,"low",7.55
"mend",10,2015,"oct",0,0.059375,0.065625,0.278125,0.3625,0.159375,0,0,0,320,0.737,"gn",6099094.65192308,"low",7.49032258064516
"mend",11,2015,"nov",0,0.0438871473354232,0.0188087774294671,0.401253918495298,0.225705329153605,0.225705329153605,0,0,2,319,0.737,"gn",117032983.428846,"med",9.96
"mend",12,2015,"dec",0,0.05,0.0266666666666667,0.356666666666667,0.306666666666667,0.223333333333333,0,3,0,300,0.737,"gn",206628053.235577,"hi",5.9
"mend",1,2016,"jan",0.0133333333333333,0,0.00666666666666667,0.48,0.226666666666667,0.206666666666667,0.00333333333333333,0,1,300,0.737,"gn",224542994.659615,"hi",2.85483870967742
"mend",2,2016,"feb",0,0.0138504155124654,0.0470914127423823,0.437673130193906,0.265927977839335,0.193905817174515,0,3,6,361,0.737,"gn",1746739.10288462,"low",1.33448275862069
"mend",3,2016,"mar",0,0,0.0234113712374582,0.464882943143813,0.167224080267559,0.254180602006689,0,2,1,299,0.737,"gn",40715871.9509615,"low",2.5
"mole",8,2015,"aug",0,0.0222222222222222,0.1,0.383333333333333,0.127777777777778,0.261111111111111,0,2,1,180,0.737,"gn",44096.4490384615,"low",8.24193548387097
"mole",9,2015,"sep",0.00333333333333333,0.0266666666666667,0.0666666666666667,0.253333333333333,0.353333333333333,0.23,0,0,2,300,0.737,"gn",7298089.98653846,"low",7.55
"mole",10,2015,"oct",0,0.015625,0.034375,0.25625,0.365625,0.228125,0,2,2,320,0.737,"gn",6099094.65192308,"low",7.49032258064516
"mole",11,2015,"nov",0.01,0.02,0,0.34,0.27,0.23,0,0,1,300,0.737,"gn",117032983.428846,"med",9.96
"mole",12,2015,"dec",0.00666666666666667,0.0166666666666667,0.04,0.43,0.206666666666667,0.213333333333333,0,0,0,300,0.737,"gn",206628053.235577,"hi",5.9
"mole",1,2016,"jan",0.00333333333333333,0,0,0.44,0.236666666666667,0.243333333333333,0,0,1,300,0.737,"gn",224542994.659615,"hi",2.85483870967742
"mole",2,2016,"feb",0,0.00555555555555556,0.0416666666666667,0.330555555555556,0.297222222222222,0.255555555555556,0,1,2,360,0.737,"gn",1746739.10288462,"low",1.33448275862069
"mole",3,2016,"mar",0.02,0.0166666666666667,0.0433333333333333,0.363333333333333,0.246666666666667,0.226666666666667,0,1,0,300,0.737,"gn",40715871.9509615,"low",2.5
"onyx",8,2015,"aug",0.0111111111111111,0,0,0.255555555555556,0.355555555555556,0.205555555555556,0,0,5,180,0.909,"twn",521089.197916667,"low",8.24193548387097
"onyx",9,2015,"sep",0.06,0.0333333333333333,0,0.303333333333333,0.293333333333333,0.18,0,0,0,300,0.909,"twn",6504451.17291667,"low",7.55
"onyx",10,2015,"oct",0.0566666666666667,0.04,0.0266666666666667,0.433333333333333,0.196666666666667,0.15,0,0,0,300,0.909,"twn",5597218.68541667,"low",7.49032258064516
"onyx",11,2015,"nov",0.0766666666666667,0,0,0.306666666666667,0.27,0.213333333333333,0,0,1,300,0.909,"twn",119557042.557833,"med",9.96
"onyx",12,2015,"dec",0.09,0.01,0.00666666666666667,0.37,0.243333333333333,0.17,0,0,0,300,0.909,"twn",188108038.364583,"hi",5.9
"onyx",1,2016,"jan",0.0433333333333333,0,0,0.366666666666667,0.28,0.176666666666667,0.05,0,0,300,0.909,"twn",187602350.308333,"hi",2.85483870967742
"onyx",2,2016,"feb",0.00835654596100279,0.00835654596100279,0,0.426183844011142,0.295264623955432,0.175487465181058,0,0,0,359,0.909,"twn",572666.5375,"low",1.33448275862069
"onyx",3,2016,"mar",0.00333333333333333,0.0533333333333333,0.05,0.366666666666667,0.236666666666667,0.19,0,0,2,300,0.909,"twn",106302595.085417,"med",2.5
"pam",8,2015,"aug",0,0.0222222222222222,0.0333333333333333,0.266666666666667,0.272222222222222,0.244444444444444,0,0,1,180,0.091,"twn",521089.197916667,"low",8.24193548387097
"pam",9,2015,"sep",0,0.09,0.06,0.23,0.303333333333333,0.193333333333333,0,0,2,300,0.091,"twn",6504451.17291667,"low",7.55
"pam",10,2015,"oct",0.0199335548172757,0.026578073089701,0.0199335548172757,0.242524916943522,0.315614617940199,0.215946843853821,0,0,0,301,0.091,"twn",5597218.68541667,"low",7.49032258064516
"pam",11,2015,"nov",0,0,0,0.276666666666667,0.396666666666667,0.166666666666667,0,2,0,300,0.091,"twn",119557042.557833,"med",9.96
"pam",12,2015,"dec",0,0,0.01,0.35,0.33,0.213333333333333,0,0,0,300,0.091,"twn",188108038.364583,"hi",5.9
"pam",1,2016,"jan",0.0100334448160535,0.0100334448160535,0.0167224080267559,0.347826086956522,0.297658862876254,0.230769230769231,0,0,0,299,0.091,"twn",187602350.308333,"hi",2.85483870967742
"pam",2,2016,"feb",0.00555555555555556,0.00277777777777778,0,0.316666666666667,0.383333333333333,0.183333333333333,0,2,1,360,0.091,"twn",572666.5375,"low",1.33448275862069
"pam",3,2016,"mar",0.0166666666666667,0.04,0.0366666666666667,0.423333333333333,0.23,0.173333333333333,0,1,1,300,0.091,"twn",106302595.085417,"med",2.5
"peke",8,2015,"aug",0.0446927374301676,0.0111731843575419,0.00558659217877095,0.452513966480447,0.251396648044693,0.173184357541899,0,0,2,179,0.174,"tws",7755239.42916667,"low",8.24193548387097
"peke",9,2015,"sep",0.0568561872909699,0.00334448160535117,0,0.505016722408027,0.220735785953177,0.183946488294314,0,1,4,299,0.174,"tws",13291529.0777778,"low",7.55
"peke",10,2015,"oct",0,0.0125,0.015625,0.41875,0.203125,0.259375,0,0,2,320,0.174,"tws",8685715.30416667,"low",7.49032258064516
"peke",11,2015,"nov",0,0.04,0.0133333333333333,0.363333333333333,0.263333333333333,0.22,0,0,0,300,0.174,"tws",131187483.281444,"med",9.96
"peke",12,2015,"dec",0.183333333333333,0.0233333333333333,0,0.336666666666667,0.206666666666667,0.166666666666667,0,0,1,300,0.174,"tws",237582652.334722,"hi",5.9
"peke",1,2016,"jan",0.12,0,0,0.356666666666667,0.26,0.19,0,0,0,300,0.174,"tws",238110609.245833,"hi",2.85483870967742
"peke",2,2016,"feb",0.025,0.0222222222222222,0,0.391666666666667,0.280555555555556,0.194444444444444,0,0,5,360,0.174,"tws",3108847.49027778,"low",1.33448275862069
"peke",3,2016,"mar",0.09,0,0,0.493333333333333,0.136666666666667,0.19,0.01,2,2,300,0.174,"tws",108977575.177778,"med",2.5
"petr",8,2015,"aug",0,0.0555555555555556,0.172222222222222,0.3,0.277777777777778,0.127777777777778,0,0,0,180,0.091,"twn",521089.197916667,"low",8.24193548387097
"petr",9,2015,"sep",0,0.0535117056856187,0.0702341137123746,0.25752508361204,0.344481605351171,0.163879598662207,0,0,0,299,0.091,"twn",6504451.17291667,"low",7.55
"petr",10,2015,"oct",0,0.0266666666666667,0.0766666666666667,0.2,0.363333333333333,0.193333333333333,0,0,0,300,0.091,"twn",5597218.68541667,"low",7.49032258064516
"petr",11,2015,"nov",0,0.0566666666666667,0.116666666666667,0.263333333333333,0.266666666666667,0.173333333333333,0.0233333333333333,0,0,300,0.091,"twn",119557042.557833,"med",9.96
"petr",12,2015,"dec",0,0.0333333333333333,0.0433333333333333,0.34,0.323333333333333,0.183333333333333,0,1,0,300,0.091,"twn",188108038.364583,"hi",5.9
"petr",1,2016,"jan",0,0.0533333333333333,0.07,0.29,0.42,0.126666666666667,0,0,0,300,0.091,"twn",187602350.308333,"hi",2.85483870967742
"petr",2,2016,"feb",0.00555555555555556,0.00277777777777778,0.00555555555555556,0.297222222222222,0.430555555555556,0.172222222222222,0,3,0,360,0.091,"twn",572666.5375,"low",1.33448275862069
"petr",3,2016,"mar",0,0.0333333333333333,0.0533333333333333,0.45,0.24,0.126666666666667,0.03,0,1,300,0.091,"twn",106302595.085417,"med",2.5
"pira",8,2015,"aug",0,0,0.0777777777777778,0.438888888888889,0.266666666666667,0.155555555555556,0,2,1,180,0.947,"gn",44096.4490384615,"low",8.24193548387097
"pira",9,2015,"sep",0,0,0,0.293333333333333,0.463333333333333,0.176666666666667,0,2,4,300,0.947,"gn",7298089.98653846,"low",7.55
"pira",10,2015,"oct",0.053125,0.0375,0.04375,0.365625,0.271875,0.1875,0,2,0,320,0.947,"gn",6099094.65192308,"low",7.49032258064516
"pira",11,2015,"nov",0.01,0,0,0.49,0.31,0.12,0.0166666666666667,2,2,300,0.947,"gn",117032983.428846,"med",9.96
"pira",12,2015,"dec",0.0633333333333333,0.0233333333333333,0.01,0.42,0.306666666666667,0.13,0,2,2,300,0.947,"gn",206628053.235577,"hi",5.9
"pira",1,2016,"jan",0.05,0,0,0.48,0.243333333333333,0.18,0,0,0,300,0.947,"gn",224542994.659615,"hi",2.85483870967742
"pira",2,2016,"feb",0.0833333333333333,0,0.0166666666666667,0.375,0.241666666666667,0.219444444444444,0.0138888888888889,6,5,360,0.947,"gn",1746739.10288462,"low",1.33448275862069
"pira",3,2016,"mar",0.143333333333333,0.0133333333333333,0.00333333333333333,0.363333333333333,0.163333333333333,0.246666666666667,0,0,1,300,0.947,"gn",40715871.9509615,"low",2.5
"renl",8,2015,"aug",0,0,0,0.472222222222222,0.25,0.222222222222222,0,0,1,180,0.263,"gn",44096.4490384615,"low",8.24193548387097
"renl",9,2015,"sep",0,0.04,0.01,0.356666666666667,0.306666666666667,0.24,0,0,0,300,0.263,"gn",7298089.98653846,"low",7.55
"renl",10,2015,"oct",0.009375,0.009375,0,0.28125,0.378125,0.265625,0,0,0,320,0.263,"gn",6099094.65192308,"low",7.49032258064516
"renl",11,2015,"nov",0.0166666666666667,0.03,0.0166666666666667,0.36,0.293333333333333,0.206666666666667,0.00333333333333333,0,1,300,0.263,"gn",117032983.428846,"med",9.96
"renl",12,2015,"dec",0.0366666666666667,0.00333333333333333,0,0.38,0.33,0.186666666666667,0,0,1,300,0.263,"gn",206628053.235577,"hi",5.9
"renl",1,2016,"jan",0.01,0,0,0.323333333333333,0.336666666666667,0.206666666666667,0,0,1,300,0.263,"gn",224542994.659615,"hi",2.85483870967742
"renl",2,2016,"feb",0.0293255131964809,0.0117302052785924,0,0.472140762463343,0.237536656891496,0.196480938416422,0,0,2,341,0.263,"gn",1746739.10288462,"low",1.33448275862069
"renl",3,2016,"mar",0.106666666666667,0.0166666666666667,0.03,0.323333333333333,0.233333333333333,0.22,0,0,2,300,0.263,"gn",40715871.9509615,"low",2.5
"ropa",8,2015,"aug",0,0,0,0.25,0.622222222222222,0.1,0,3,4,180,0.263,"gn",44096.4490384615,"low",8.24193548387097
"ropa",9,2015,"sep",0.00666666666666667,0.0766666666666667,0.0333333333333333,0.406666666666667,0.26,0.173333333333333,0,1,1,300,0.263,"gn",7298089.98653846,"low",7.55
"ropa",10,2015,"oct",0.015625,0.03125,0,0.390625,0.275,0.228125,0,0,0,320,0.263,"gn",6099094.65192308,"low",7.49032258064516
"ropa",11,2015,"nov",0.02,0.0466666666666667,0.04,0.423333333333333,0.28,0.15,0.0166666666666667,2,2,300,0.263,"gn",117032983.428846,"med",9.96
"ropa",12,2015,"dec",0.02,0.0233333333333333,0.05,0.473333333333333,0.22,0.156666666666667,0,1,0,300,0.263,"gn",206628053.235577,"hi",5.9
"ropa",1,2016,"jan",0.0266666666666667,0,0.00333333333333333,0.383333333333333,0.386666666666667,0.126666666666667,0,1,1,300,0.263,"gn",224542994.659615,"hi",2.85483870967742
"ropa",2,2016,"feb",0.0501392757660167,0,0.0139275766016713,0.543175487465181,0.175487465181058,0.153203342618384,0.00278551532033426,5,7,359,0.263,"gn",1746739.10288462,"low",1.33448275862069
"ropa",3,2016,"mar",0.0466666666666667,0.01,0.0133333333333333,0.593333333333333,0.14,0.14,0,0,0,300,0.263,"gn",40715871.9509615,"low",2.5
"ruki",8,2015,"aug",0.0552486187845304,0.0497237569060773,0.0331491712707182,0.292817679558011,0.359116022099448,0.132596685082873,0,0,1,181,0.273,"twn",521089.197916667,"low",8.24193548387097
"ruki",9,2015,"sep",0.0566666666666667,0,0.01,0.28,0.356666666666667,0.2,0,0,2,300,0.273,"twn",6504451.17291667,"low",7.55
"ruki",10,2015,"oct",0.0833333333333333,0.00666666666666667,0.00666666666666667,0.31,0.27,0.203333333333333,0,0,0,300,0.273,"twn",5597218.68541667,"low",7.49032258064516
"ruki",11,2015,"nov",0.0633333333333333,0,0.00333333333333333,0.37,0.306666666666667,0.166666666666667,0,2,3,300,0.273,"twn",119557042.557833,"med",9.96
"ruki",12,2015,"dec",0.0866666666666667,0.0266666666666667,0,0.316666666666667,0.283333333333333,0.196666666666667,0,0,0,300,0.273,"twn",188108038.364583,"hi",5.9
"ruki",1,2016,"jan",0.0833333333333333,0.0433333333333333,0.00666666666666667,0.373333333333333,0.286666666666667,0.156666666666667,0,0,0,300,0.273,"twn",187602350.308333,"hi",2.85483870967742
"ruki",2,2016,"feb",0.05,0,0,0.325,0.305555555555556,0.238888888888889,0,1,2,360,0.273,"twn",572666.5375,"low",1.33448275862069
"ruki",3,2016,"mar",0.116666666666667,0,0.00333333333333333,0.406666666666667,0.156666666666667,0.216666666666667,0,1,3,300,0.273,"twn",106302595.085417,"med",2.5
"safi",8,2015,"aug",0,0.00555555555555556,0.0333333333333333,0.261111111111111,0.4,0.183333333333333,0,0,2,180,0.818,"twn",521089.197916667,"low",8.24193548387097
"safi",9,2015,"sep",0,0.01875,0.08125,0.2875,0.321875,0.15,0,1,0,320,0.818,"twn",6504451.17291667,"low",7.55
"safi",10,2015,"oct",0,0.07,0.07,0.226666666666667,0.29,0.183333333333333,0,0,0,300,0.818,"twn",5597218.68541667,"low",7.49032258064516
"safi",11,2015,"nov",0,0.0142857142857143,0.0428571428571429,0.317857142857143,0.314285714285714,0.185714285714286,0,0,0,280,0.818,"twn",119557042.557833,"med",9.96
"safi",12,2015,"dec",0,0.00666666666666667,0.0133333333333333,0.323333333333333,0.37,0.183333333333333,0,0,0,300,0.818,"twn",188108038.364583,"hi",5.9
"safi",1,2016,"jan",0,0.0233333333333333,0.0266666666666667,0.356666666666667,0.363333333333333,0.16,0,0,0,300,0.818,"twn",187602350.308333,"hi",2.85483870967742
"safi",2,2016,"feb",0.00277777777777778,0.05,0.0611111111111111,0.355555555555556,0.252777777777778,0.197222222222222,0,1,0,360,0.818,"twn",572666.5375,"low",1.33448275862069
"safi",3,2016,"mar",0,0.0533333333333333,0.04,0.346666666666667,0.276666666666667,0.176666666666667,0,0,0,300,0.818,"twn",106302595.085417,"med",2.5
"sevi",8,2015,"aug",0,0.0666666666666667,0.0611111111111111,0.261111111111111,0.316666666666667,0.177777777777778,0,0,0,180,0.87,"tws",7755239.42916667,"low",8.24193548387097
"sevi",9,2015,"sep",0,0.0933333333333333,0.0533333333333333,0.22,0.393333333333333,0.153333333333333,0,0,1,300,0.87,"tws",13291529.0777778,"low",7.55
"sevi",10,2015,"oct",0,0.003125,0.025,0.315625,0.346875,0.1875,0,0,0,320,0.87,"tws",8685715.30416667,"low",7.49032258064516
"sevi",11,2015,"nov",0.0233333333333333,0,0.00666666666666667,0.296666666666667,0.37,0.18,0,1,2,300,0.87,"tws",131187483.281444,"med",9.96
"sevi",12,2015,"dec",0.0166666666666667,0.0166666666666667,0.0433333333333333,0.323333333333333,0.293333333333333,0.186666666666667,0,0,1,300,0.87,"tws",237582652.334722,"hi",5.9
"sevi",1,2016,"jan",0.0199335548172757,0,0.00996677740863787,0.3421926910299,0.352159468438538,0.196013289036545,0,3,2,301,0.87,"tws",238110609.245833,"hi",2.85483870967742
"sevi",2,2016,"feb",0.00819672131147541,0.00819672131147541,0.0327868852459016,0.311475409836066,0.349726775956284,0.188524590163934,0,2,0,366,0.87,"tws",3108847.49027778,"low",1.33448275862069
"sevi",3,2016,"mar",0.00668896321070234,0.0234113712374582,0.0100334448160535,0.331103678929766,0.301003344481605,0.190635451505017,0,0,2,299,0.87,"tws",108977575.177778,"med",2.5
"spad",8,2015,"aug",0,0.0773480662983425,0.143646408839779,0.408839779005525,0.176795580110497,0.160220994475138,0,1,2,181,0.368,"gn",44096.4490384615,"low",8.24193548387097
"spad",9,2015,"sep",0,0.0866666666666667,0.0733333333333333,0.293333333333333,0.323333333333333,0.18,0,0,0,300,0.368,"gn",7298089.98653846,"low",7.55
"spad",10,2015,"oct",0.003125,0.0125,0.025,0.2875,0.425,0.178125,0,3,4,320,0.368,"gn",6099094.65192308,"low",7.49032258064516
"spad",11,2015,"nov",0,0.0333333333333333,0.0466666666666667,0.36,0.313333333333333,0.183333333333333,0,0,0,300,0.368,"gn",117032983.428846,"med",9.96
"spad",12,2015,"dec",0,0.0102739726027397,0.0513698630136986,0.376712328767123,0.321917808219178,0.198630136986301,0,0,3,292,0.368,"gn",206628053.235577,"hi",5.9
"spad",1,2016,"jan",0,0,0,0.243333333333333,0.476666666666667,0.196666666666667,0,2,1,300,0.368,"gn",224542994.659615,"hi",2.85483870967742
"spad",2,2016,"feb",0,0.0416666666666667,0.0833333333333333,0.327777777777778,0.322222222222222,0.161111111111111,0,3,7,360,0.368,"gn",1746739.10288462,"low",1.33448275862069
"spad",3,2016,"mar",0.00664451827242525,0.0132890365448505,0.0166112956810631,0.401993355481728,0.292358803986711,0.182724252491694,0,1,0,301,0.368,"gn",40715871.9509615,"low",2.5
"spor",8,2015,"aug",0,0.0220994475138122,0,0.49171270718232,0.237569060773481,0.165745856353591,0,0,0,181,0.368,"gn",44096.4490384615,"low",8.24193548387097
"spor",9,2015,"sep",0,0.112956810631229,0.0199335548172757,0.299003322259136,0.315614617940199,0.209302325581395,0,0,0,301,0.368,"gn",7298089.98653846,"low",7.55
"spor",10,2015,"oct",0,0.0125,0.059375,0.309375,0.415625,0.1625,0,0,1,320,0.368,"gn",6099094.65192308,"low",7.49032258064516
"spor",11,2015,"nov",0,0.05,0,0.433333333333333,0.183333333333333,0.233333333333333,0.02,0,0,300,0.368,"gn",117032983.428846,"med",9.96
"spor",12,2015,"dec",0,0.0566666666666667,0.0133333333333333,0.356666666666667,0.27,0.196666666666667,0,0,0,300,0.368,"gn",206628053.235577,"hi",5.9
"spor",1,2016,"jan",0.0133333333333333,0.0166666666666667,0,0.37,0.283333333333333,0.223333333333333,0,0,2,300,0.368,"gn",224542994.659615,"hi",2.85483870967742
"spor",2,2016,"feb",0.00555555555555556,0.0361111111111111,0.0138888888888889,0.444444444444444,0.2,0.230555555555556,0,0,0,360,0.368,"gn",1746739.10288462,"low",1.33448275862069
"spor",3,2016,"mar",0.02,0.0166666666666667,0.02,0.3,0.333333333333333,0.2,0,0,0,300,0.368,"gn",40715871.9509615,"low",2.5
"stel",8,2015,"aug",0,0.035,0.025,0.29,0.44,0.15,0,0,4,200,0.684,"gn",44096.4490384615,"low",8.24193548387097
"stel",9,2015,"sep",0,0.0433333333333333,0.0466666666666667,0.34,0.27,0.226666666666667,0,0,0,300,0.684,"gn",7298089.98653846,"low",7.55
"stel",10,2015,"oct",0.00940438871473354,0.0282131661442006,0.0376175548589342,0.313479623824451,0.341692789968652,0.213166144200627,0,0,0,319,0.684,"gn",6099094.65192308,"low",7.49032258064516
"stel",11,2015,"nov",0,0,0,0.356666666666667,0.336666666666667,0.22,0,1,0,300,0.684,"gn",117032983.428846,"med",9.96
"stel",12,2015,"dec",0.00333333333333333,0,0,0.343333333333333,0.383333333333333,0.193333333333333,0,0,0,300,0.684,"gn",206628053.235577,"hi",5.9
"stel",1,2016,"jan",0.02,0,0.00333333333333333,0.38,0.303333333333333,0.21,0,0,1,300,0.684,"gn",224542994.659615,"hi",2.85483870967742
"stel",2,2016,"feb",0.0166666666666667,0.0194444444444444,0.0333333333333333,0.391666666666667,0.269444444444444,0.208333333333333,0,1,5,360,0.684,"gn",1746739.10288462,"low",1.33448275862069
"stel",3,2016,"mar",0.0866666666666667,0.02,0.01,0.36,0.17,0.24,0,0,1,300,0.684,"gn",40715871.9509615,"low",2.5
"stre",8,2015,"aug",0,0,0.0388888888888889,0.411111111111111,0.322222222222222,0.133333333333333,0,0,2,180,0.684,"gn",44096.4490384615,"low",8.24193548387097
"stre",9,2015,"sep",0,0.106666666666667,0.0766666666666667,0.29,0.353333333333333,0.123333333333333,0,0,4,300,0.684,"gn",7298089.98653846,"low",7.55
"stre",10,2015,"oct",0,0.01875,0,0.30625,0.340625,0.21875,0,0,0,320,0.684,"gn",6099094.65192308,"low",7.49032258064516
"stre",11,2015,"nov",0,0.01,0.0733333333333333,0.323333333333333,0.323333333333333,0.193333333333333,0,0,0,300,0.684,"gn",117032983.428846,"med",9.96
"stre",12,2015,"dec",0,0.0166666666666667,0.0333333333333333,0.406666666666667,0.23,0.243333333333333,0,0,2,300,0.684,"gn",206628053.235577,"hi",5.9
"stre",1,2016,"jan",0,0.04,0.0633333333333333,0.45,0.176666666666667,0.19,0,0,0,300,0.684,"gn",224542994.659615,"hi",2.85483870967742
"stre",2,2016,"feb",0.00277777777777778,0.0555555555555556,0.0722222222222222,0.419444444444444,0.213888888888889,0.172222222222222,0,3,1,360,0.684,"gn",1746739.10288462,"low",1.33448275862069
"stre",3,2016,"mar",0.00666666666666667,0.0366666666666667,0.0866666666666667,0.52,0.1,0.2,0,0,0,300,0.684,"gn",40715871.9509615,"low",2.5
"tatu",8,2015,"aug",0.0833333333333333,0,0,0.272222222222222,0.394444444444444,0.166666666666667,0,2,1,180,1,"tws",7755239.42916667,"low",8.24193548387097
"tatu",9,2015,"sep",0,0.0166666666666667,0.00333333333333333,0.443333333333333,0.283333333333333,0.18,0.00333333333333333,0,0,300,1,"tws",13291529.0777778,"low",7.55
"tatu",10,2015,"oct",0.00623052959501558,0.0124610591900312,0.00934579439252336,0.395638629283489,0.26791277258567,0.21183800623053,0,0,4,321,1,"tws",8685715.30416667,"low",7.49032258064516
"tatu",11,2015,"nov",0,0.0233333333333333,0.01,0.363333333333333,0.266666666666667,0.2,0,1,0,300,1,"tws",131187483.281444,"med",9.96
"tatu",12,2015,"dec",0.0566666666666667,0.00333333333333333,0,0.38,0.296666666666667,0.186666666666667,0,1,3,300,1,"tws",237582652.334722,"hi",5.9
"tatu",1,2016,"jan",0.0166666666666667,0,0,0.343333333333333,0.396666666666667,0.18,0,0,0,300,1,"tws",238110609.245833,"hi",2.85483870967742
"tatu",2,2016,"feb",0.0138888888888889,0.00277777777777778,0,0.394444444444444,0.327777777777778,0.177777777777778,0,5,4,360,1,"tws",3108847.49027778,"low",1.33448275862069
"tatu",3,2016,"mar",0.0267558528428094,0.00668896321070234,0,0.387959866220736,0.25752508361204,0.22742474916388,0.00334448160535117,1,0,299,1,"tws",108977575.177778,"med",2.5
"tesl",8,2015,"aug",0,0.00555555555555556,0,0.238888888888889,0.372222222222222,0.283333333333333,0,0,2,180,1,"tws",7755239.42916667,"low",8.24193548387097
"tesl",9,2015,"sep",0,0.046875,0.003125,0.325,0.253125,0.26875,0,2,0,320,1,"tws",13291529.0777778,"low",7.55
"tesl",10,2015,"oct",0,0.1,0.028125,0.290625,0.275,0.171875,0,0,1,320,1,"tws",8685715.30416667,"low",7.49032258064516
"tesl",11,2015,"nov",0,0.0733333333333333,0.0566666666666667,0.25,0.313333333333333,0.193333333333333,0,1,0,300,1,"tws",131187483.281444,"med",9.96
"tesl",12,2015,"dec",0.00333333333333333,0.0133333333333333,0.00333333333333333,0.29,0.376666666666667,0.176666666666667,0,0,0,300,1,"tws",237582652.334722,"hi",5.9
"tesl",1,2016,"jan",0.0166666666666667,0.05,0.01,0.33,0.3,0.206666666666667,0,2,1,300,1,"tws",238110609.245833,"hi",2.85483870967742
"tesl",2,2016,"feb",0,0.00526315789473684,0.00263157894736842,0.334210526315789,0.394736842105263,0.157894736842105,0,1,2,380,1,"tws",3108847.49027778,"low",1.33448275862069
"tesl",3,2016,"mar",0.0566666666666667,0.0366666666666667,0.0566666666666667,0.376666666666667,0.173333333333333,0.183333333333333,0.0433333333333333,2,1,300,1,"tws",108977575.177778,"med",2.5
"ting",10,2015,"oct",0.021875,0.021875,0.01875,0.41875,0.278125,0.1625,0,1,1,320,0.526,"gn",6099094.65192308,"low",7.49032258064516
"ting",11,2015,"nov",0.0132890365448505,0.0332225913621262,0,0.435215946843854,0.345514950166113,0.129568106312292,0,0,1,301,0.526,"gn",117032983.428846,"med",9.96
"ting",12,2015,"dec",0.01,0,0.00333333333333333,0.413333333333333,0.28,0.203333333333333,0,2,0,300,0.526,"gn",206628053.235577,"hi",5.9
"ting",1,2016,"jan",0.0266666666666667,0.00333333333333333,0.00333333333333333,0.503333333333333,0.19,0.203333333333333,0,0,1,300,0.526,"gn",224542994.659615,"hi",2.85483870967742
"ting",2,2016,"feb",0.00833333333333333,0.0416666666666667,0.0194444444444444,0.475,0.233333333333333,0.188888888888889,0,9,3,360,0.526,"gn",1746739.10288462,"low",1.33448275862069
"ting",3,2016,"mar",0.0635451505016722,0,0,0.270903010033445,0.284280936454849,0.274247491638796,0.0468227424749164,0,1,299,0.526,"gn",40715871.9509615,"low",2.5
