"group","subj","date","time","sample_number","Cr","SG","Cr.plate.number","Cr.date","cp_dilution","cp_run","cp_assay_date","pg.ml_ucp","cp_batch","stdcr_CP","stdsg_CP","cp_note","month","year"
"gn","stre",2015-09-29,2022-02-22 11:10:00,98,NA,NA,3,2016-10-28,NA,NA,"",NA,NA,NA,NA,"",9,2015
"tws","dubl",2015-10-13,2022-02-22 15:55:00,171,NA,NA,NA,NA,NA,NA,"",NA,NA,NA,NA,"",10,2015
"twn","pam",2015-10-22,2022-02-22 11:38:00,193,NA,NA,4,2016-11-01,NA,NA,"",NA,NA,NA,NA,"",10,2015
"gn","dann",2015-10-23,2022-02-22 09:46:00,197,NA,NA,4,2016-11-01,NA,NA,"",NA,NA,NA,NA,"",10,2015
"gn","mayh",2016-03-10,2022-02-22 12:20:00,523,NA,NA,9,2016-11-04,NA,NA,"",NA,NA,NA,NA,"",3,2016
"tws","atom",2015-08-10,2022-02-22 12:24:00,4,0.92,37,1,2016-10-26,20,1,"11/8/16",6775.61,1,5011.053384,4905.65479,"",8,2015
"twn","keny",2015-08-10,2022-02-22 15:23:00,6,0.79,48,1,2016-10-26,20,1,"11/8/16",6939.76,1,5977.035241,3873.053726,"",8,2015
"gn","renl",2015-08-13,2022-02-22 11:42:00,14,0.72,40,1,2016-10-26,20,1,"11/8/16",7006.71,1,6621.404245,4692.501921,"",8,2015
"gn","pira",2015-08-13,2022-02-22 11:44:00,15,0.92,40,1,2016-10-26,20,1,"11/8/16",12748.5,1,9428.437301,8537.867378,"",8,2015
"tws","burn",2015-08-17,2022-02-22 15:29:00,18,1,48,1,2016-10-26,20,1,"11/8/16",21392.6,1,14555.66418,11939.1289,"",8,2015
"tws","tatu",2015-08-26,2022-02-22 10:44:00,36,1.03,38,2,2016-10-27,20,1,"11/8/16",7839.54,1,5178.712626,5526.590565,"",8,2015
"tws","burn",2015-08-27,2022-02-22 17:10:00,38,1.14,50,2,2016-10-27,20,1,"11/8/16",15705.7,1,9373.912659,8414.679919,"",8,2015
"tws","dame",2015-08-27,2022-02-22 15:22:00,39,0.91,44,2,2016-10-27,20,9,"11/24/16",1920.22,14,1435.747448,1169.091814,"redo, CV's too hi, originally in batch 1, run 1",8,2015
"tws","peke",2015-08-27,2022-02-22 17:47:00,40,0.91,42,2,2016-10-27,20,1,"11/8/16",10607.2,1,7930.997659,6765.52923,"",8,2015
"tws","brog",2015-08-27,2022-02-22 17:10:00,41,1.05,44,2,2016-10-27,20,1,"11/8/16",6021.56,1,3902.00818,3666.119771,"",8,2015
"twn","onyx",2015-08-28,2022-02-22 10:42:00,43,0.65,38,2,2016-10-27,20,1,"11/8/16",18498.8,1,19364.15975,13040.98117,"",8,2015
"tws","brav",2015-09-02,2022-02-22 15:16:00,52,1.29,42,2,2016-10-27,20,1,"11/8/16",5906.94,1,3115.597206,3767.589489,"",9,2015
"tws","atom",2015-09-07,2022-02-22 14:06:00,59,1.6,46,2,2016-10-27,20,1,"11/8/16",52830.3,1,22466.29983,30766.31999,"",9,2015
"gn","ropa",2015-09-08,2022-02-22 12:11:00,68,0.8,38,2,2016-10-27,20,1,"11/8/16",3746.36,1,3186.309638,2641.04754,"",9,2015
"gn","spad",2015-09-10,2022-02-22 10:43:00,71,1.19,48,2,2016-10-27,20,1,"11/8/16",11281.6,1,6450.482367,6296.218157,"",9,2015
"tws","dubl",2015-09-10,2022-02-22 10:50:00,72,2.05,39,2,2016-10-27,20,1,"11/8/16",11742.5,1,3897.401646,8065.77809,"",9,2015
"gn","dext",2015-09-15,2022-02-22 12:00:00,77,0.77,41,2,2016-10-27,20,1,"11/8/16",1374.82,1,1214.852558,898.281162,"",9,2015
"tws","brog",2015-09-16,2022-02-22 14:39:00,79,2.2,51,2,2016-10-27,20,1,"11/8/16",55056.8,1,17027.72946,28919.52112,"",9,2015
"tws","burn",2015-09-28,2022-02-22 09:24:00,93,0.73,38,2,2016-10-27,20,9,"11/24/16",2245.64,14,2093.079537,1583.094523,"redo, CV's too hi, originally in batch 1, run 1",9,2015
"twn","amos",2015-09-29,2022-02-22 11:05:00,99,0.96,43,3,2016-10-28,20,1,"11/8/16",4327.99,1,3067.492235,2696.29931,"",9,2015
"gn","spad",2015-09-29,2022-02-22 14:21:00,100,1.27,54,3,2016-10-28,20,1,"11/8/16",4546.74,1,2435.93029,2255.571861,"",9,2015
"gn","stre",2015-09-30,2022-02-22 08:49:00,105,1.11,47,3,2016-10-28,20,1,"11/8/16",18852.2,1,11555.99955,10745.19962,"",9,2015
"twn","amos",2015-09-30,2022-02-22 12:28:00,106,1.29,52,3,2016-10-28,20,1,"11/8/16",12978.6,1,6845.522367,6686.129925,"",9,2015
"tws","dame",2015-10-01,2022-02-22 11:24:00,113,0.41,37,11,2016-11-04,20,1,"11/8/16",5251.89,1,8715.658816,3802.456065,"",10,2015
"gn","ropa",2015-10-01,2022-02-22 14:52:00,115,0.6,40,11,2016-11-04,20,1,"11/8/16",6681.1,1,7576.439824,4474.435874,"",10,2015
"gn","mayh",2015-10-01,2022-02-22 15:06:00,116,0.56,40,11,2016-11-04,20,1,"11/8/16",13922.6,1,16916.1207,9324.180285,"",10,2015
"gn","pira",2015-10-01,2022-02-22 14:51:00,117,0.88,44,3,2016-10-28,20,1,"11/8/16",6695.01,1,5176.509487,4076.137833,"",10,2015
"tws","atom",2015-10-05,2022-02-22 14:55:00,124,1.59,52,3,2016-10-28,20,1,"11/8/16",26280,1,11245.9641,13538.55535,"",10,2015
"tws","sevi",2015-10-05,2022-02-22 15:51:00,125,0.8,38,3,2016-10-28,20,1,"11/8/16",17775.6,1,15118.29232,12531.15148,"",10,2015
"twn","safi",2015-10-06,2022-02-22 12:13:00,128,1.37,37,3,2016-10-28,20,1,"11/8/16",31491.5,1,15640.16162,22800.3719,"",10,2015
"gn","ropa",2015-10-06,2022-02-22 09:56:00,131,1.06,50,3,2016-10-28,20,1,"11/8/16",21324.3,1,13687.91737,11424.97049,"",10,2015
"gn","mend",2015-10-07,2022-02-22 14:36:00,141,1.11,38,3,2016-10-28,20,1,"11/8/16",19141.5,1,11733.33432,13494.0613,"",10,2015
"gn","ting",2015-10-07,2022-02-22 15:42:00,143,0.95,43,3,2016-10-28,20,1,"11/8/16",29508.2,1,21134.28548,18383.34638,"",10,2015
"gn","dais",2015-10-07,2022-02-22 16:38:00,144,0.88,37,3,2016-10-28,20,1,"11/8/16",2769.48,1,2141.332051,2005.149769,"",10,2015
"tws","atom",2015-10-08,2022-02-22 11:40:00,151,1.03,45,3,2016-10-28,20,1,"11/8/16",24617.5,1,16262.04574,14654.86224,"",10,2015
"gn","stre",2015-10-09,2022-02-22 14:30:00,161,1.12,43,3,2016-10-28,20,1,"11/8/16",19075.4,1,11588.41627,11883.80469,"",10,2015
"tws","sevi",2015-10-12,2022-02-22 14:48:00,162,0.8,49,3,2016-10-28,20,1,"11/8/16",16867.4,1,14345.86083,9221.517007,"",10,2015
"tws","brog",2015-10-13,2022-02-22 12:07:00,165,1.49,48,3,2016-10-28,20,1,"11/8/16",3259.89,1,1488.624402,1819.332241,"",10,2015
"tws","sevi",2015-10-15,2022-02-22 10:55:00,173,0.82,45,4,2016-11-01,20,1,"11/8/16",6047.76,1,5018.213706,3600.247371,"",10,2015
"tws","brog",2015-10-15,2022-02-22 10:46:00,175,1.52,42,4,2016-11-01,20,1,"11/8/16",15572.6,1,6970.854161,9932.581688,"",10,2015
"tws","boyd",2015-10-15,2022-02-22 14:38:00,177,0.92,42,4,2016-11-01,20,1,"11/8/16",9537.7,1,7053.818602,6083.37621,"",10,2015
"gn","ting",2015-10-16,2022-02-22 15:20:00,179,0.72,38,4,2016-11-01,20,1,"11/8/16",8274.29,1,7819.278795,5833.073502,"",10,2015
"tws","fris",2015-11-03,2022-02-22 11:20:00,217,1.28,39,5,2016-11-01,20,1,"11/8/16",5138.33,1,2731.36965,3529.455358,"",11,2015
"gn","renl",2015-11-18,2022-02-22 16:25:00,238,1.84,53,5,2016-11-01,20,1,"11/8/16",73950.9,1,27346.01812,37378.15854,"",11,2015
"gn","mend",2015-11-18,2022-02-22 16:10:00,240,1.74,54,5,2016-11-01,20,1,"11/8/16",84400.6,1,33003.86045,41869.91524,"",11,2015
"tws","tesl",2015-11-19,2022-02-22 11:20:00,241,1.84,53,5,2016-11-01,20,1,"11/8/16",28486.4,1,10533.876,14398.32612,"",11,2015
"tws","blas",2015-11-27,2022-02-22 12:23:00,264,0.76,39,5,2016-11-01,20,9,"11/24/16",21135.2,14,18921.74677,14517.50761,"redo, in singlet, originally in batch 1, run 1",11,2015
"gn","dais",2015-12-04,2022-02-22 12:31:00,275,1.6,37,5,2016-11-01,20,1,"11/8/16",34595.1,14,14711.70691,25047.43013,"",12,2015
"tws","brog",2015-12-04,2022-02-22 11:18:00,277,2.6,40,6,2016-11-02,20,1,"11/8/16",17952.9,1,4698.180741,12023.33445,"",12,2015
"tws","tatu",2015-12-18,2022-02-22 12:42:00,294,2.42,42,6,2016-11-02,20,1,"11/8/16",9399.76,1,2642.833818,5995.394735,"",12,2015
"tws","burn",2015-12-19,2022-02-22 09:30:00,303,2,39,6,2016-11-02,20,2,"11/9/16",26601.7,2,9049.98485,18272.37888,"",12,2015
"gn","stre",2015-12-21,2022-02-22 10:00:00,305,1.32,42,6,2016-11-02,20,2,"11/9/16",73836.3,2,38059.62027,47094.58159,"",12,2015
"twn","petr",2015-12-21,2022-02-22 12:14:00,306,0.98,39,6,2016-11-02,20,2,"11/9/16",11028.4,2,7656.933765,7575.271628,"",12,2015
"twn","allo",2015-12-21,2022-02-22 10:33:00,308,1.48,49,6,2016-11-02,20,2,"11/9/16",36009.7,2,16554.8879,19686.7366,"",12,2015
"tws","brav",2015-12-21,2022-02-22 10:34:00,309,1.18,50,6,2016-11-02,20,2,"11/9/16",12231.2,2,7052.701722,6553.138862,"",12,2015
"tws","brav",2015-12-22,2022-02-22 15:15:00,313,1.72,52,6,2016-11-02,20,2,"11/9/16",12287,2,4860.555067,6329.841307,"",12,2015
"tws","dubl",2015-12-29,2022-02-22 11:50:00,323,2.02,48,6,2016-11-02,20,9,"11/24/16",27618.5,14,9302.874769,15413.78006,"redo, in singlet, originally in batch 2, run 2",12,2015
"tws","dame",2015-12-30,2022-02-22 10:10:00,331,1.82,40,6,2016-11-02,20,2,"11/9/16",20117.7,2,7520.996663,13473.13445,"",12,2015
"tws","blas",2015-12-30,2022-02-22 11:52:00,333,1.58,42,6,2016-11-02,20,2,"11/9/16",32267.9,2,13895.75255,20581.24864,"",12,2015
"tws","tesl",2015-12-30,2022-02-22 10:20:00,334,1.14,38,6,2016-11-02,20,2,"11/9/16",14489.3,2,8647.906982,10214.4295,"",12,2015
"twn","petr",2015-12-31,2022-02-22 11:35:00,344,1.28,37,6,2016-11-02,20,2,"11/9/16",20867.2,2,11092.32703,15108.20127,"",12,2015
"tws","fris",2015-12-31,2022-02-22 10:08:00,346,1.46,38,7,2016-11-03,20,2,"11/9/16",28669.5,2,13360.90018,20210.95475,"",12,2015
"twn","keny",2015-12-31,2022-02-22 15:01:00,348,1.3,40,7,2016-11-03,20,2,"11/9/16",8461.83,2,4428.833976,5667.018262,"",12,2015
"tws","sevi",2016-01-04,2022-02-22 11:37:00,352,1,57,7,2016-11-03,20,2,"11/9/16",44262.8,2,30116.69701,20802.44273,"",1,2016
"tws","dame",2016-01-04,2022-02-22 10:53:00,355,1.02,50,7,2016-11-03,20,2,"11/9/16",17900.3,2,11940.6672,9590.485935,"",1,2016
"tws","boyd",2016-01-04,2022-02-22 11:30:00,358,0.94,41,7,2016-11-03,20,2,"11/9/16",18833.6,2,13632.45099,12305.51497,"",1,2016
"twn","petr",2016-01-05,2022-02-22 09:58:00,360,0.8,45,7,2016-11-03,20,2,"11/9/16",42675.1,2,36295.5195,25404.59883,"",1,2016
"tws","atom",2016-01-05,2022-02-22 11:35:00,361,1.1,47,7,2016-11-03,20,2,"11/9/16",27579.5,2,17059.33744,15719.50398,"",1,2016
"twn","king",2016-01-05,2022-02-22 14:35:00,362,0.76,43,7,2016-11-03,20,2,"11/9/16",34137.2,2,30562.06962,21267.17224,"",1,2016
"tws","dame",2016-01-05,2022-02-22 14:19:00,363,1.12,39,7,2016-11-03,20,2,"11/9/16",7603.54,2,4619.194705,5222.777632,"",1,2016
"gn","dais",2016-01-06,2022-02-22 09:40:00,368,1.16,42,7,2016-11-03,20,2,"11/9/16",57218.1,2,33561.69603,36495.09088,"",1,2016
"twn","ruki",2016-01-06,2022-02-22 15:19:00,371,1,41,7,2016-11-03,20,2,"11/9/16",3354.54,2,2282.450834,2191.792445,"",1,2016
"twn","davi",2016-01-07,2022-02-22 12:01:00,372,0.7,48,7,2016-11-03,20,2,"11/9/16",54418.8,2,52895.57923,30370.92581,"",1,2016
"tws","brog",2016-01-08,2022-02-22 15:58:00,374,0.86,47,7,2016-11-03,20,2,"11/9/16",17499.8,2,13845.32295,9974.371389,"",1,2016
"tws","blas",2016-01-08,2022-02-22 09:58:00,375,1.14,49,7,2016-11-03,20,2,"11/9/16",59506.3,2,35516.20487,32532.48026,"",1,2016
"tws","atom",2016-01-12,2022-02-22 16:14:00,383,1.62,61,7,2016-11-03,20,2,"11/9/16",46924.3,2,19708.39439,20607.16627,"",1,2016
"tws","tesl",2016-01-12,2022-02-22 15:28:00,384,1.22,53,7,2016-11-03,20,2,"11/9/16",25084.7,2,13989.99429,12678.95176,"",1,2016
"twn","kabu",2016-01-13,2022-02-22 08:25:00,385,1,38,7,2016-11-03,20,2,"11/9/16",19538.2,2,13293.91836,13773.72037,"",1,2016
"twn","amos",2016-01-13,2022-02-22 09:37:00,387,1.58,51,7,2016-11-03,20,2,"11/9/16",35324.4,2,15211.99463,18554.74223,"",1,2016
"twn","davi",2016-01-13,2022-02-22 16:22:00,388,1.24,52,7,2016-11-03,20,9,"11/24/16",30131.5,14,16533.60369,15522.71615,"redo, in singlet, originally in batch 2, run 2",1,2016
"tws","tatu",2016-01-14,2022-02-22 10:07:00,389,1.24,46,7,2016-11-03,20,9,"11/24/16",10838.3,14,5947.136946,6311.806027,"redo, in singlet, originally in batch 2, run 2",1,2016
"gn","dext",2016-01-14,2022-02-22 15:06:00,395,0.92,40,7,2016-11-03,20,9,"11/24/16",9939.18,14,7350.742084,6656.422378,"redo, in singlet, originally in batch 2, run 2",1,2016
"gn","mend",2016-01-15,2022-02-22 15:03:00,396,1,44,7,2016-11-03,20,9,"11/24/16",96923.3,14,65947.24372,59010.02836,"redo, in singlet, originally in batch 2, run 2",1,2016
"twn","amos",2016-01-22,2022-02-22 15:04:00,402,1.06,45,7,2016-11-03,20,9,"11/24/16",6259.31,14,4017.806825,3726.18364,"redo, in singlet, originally in batch 2, run 2",1,2016
"twn","allo",2016-01-25,2022-02-22 12:22:00,403,1.3,41,7,2016-11-03,20,9,"11/24/16",10459.4,14,5474.341376,6833.972437,"redo, in singlet, originally in batch 2, run 2",1,2016
"twn","safi",2016-01-25,2022-02-22 11:55:00,404,1.46,50,7,2016-11-03,20,9,"11/24/16",44900.9,14,20925.24959,24056.66106,"redo, in singlet, originally in batch 2, run 2",1,2016
"twn","pam",2016-01-25,2022-02-22 12:12:00,406,1.44,50,7,2016-11-03,20,9,"11/24/16",45725,14,21605.26903,24498.19106,"redo, in singlet, originally in batch 2, run 2",1,2016
"tws","blas",2016-01-25,2022-02-22 11:17:00,413,0.56,37,7,2016-11-03,20,9,"11/24/16",8300.57,14,10085.28896,6009.751296,"redo, in singlet, originally in batch 2, run 2",1,2016
"gn","dais",2016-01-26,2022-02-22 12:35:00,415,2.14,49,7,2016-11-03,20,9,"11/24/16",NA,14,NA,NA,"redo, in singlet, originally in batch 2, run 2",1,2016
"twn","amos",2016-01-26,2022-02-22 10:40:00,419,1.02,40,8,2016-11-03,20,2,"11/9/16",43341,2,28911.27284,29026.1372,"",1,2016
"tws","boyd",2016-01-27,2022-02-22 11:32:00,422,1.32,54,8,2016-11-03,20,2,"11/9/16",53692.7,2,27676.41083,26636.17081,"",1,2016
"gn","dext",2016-01-27,2022-02-22 10:53:00,424,0.6,40,8,2016-11-03,20,2,"11/9/16",16811,2,19063.85623,11258.58638,"",1,2016
"tws","brog",2016-01-27,2022-02-22 08:30:00,425,1.36,42,8,2016-11-03,20,2,"11/9/16",47083.5,2,23555.82326,30030.99739,"",1,2016
"twn","king",2016-01-27,2022-02-22 08:16:00,426,0.98,46,8,2016-11-03,20,2,"11/9/16",36480.8,2,25328.3404,21245.0046,"",1,2016
"gn","mayh",2016-01-27,2022-02-22 12:03:00,427,0.94,48,8,2016-11-03,20,2,"11/9/16",13803.6,2,9991.552361,7703.736789,"",1,2016
"tws","burn",2016-01-27,2022-02-22 14:50:00,428,1.26,58,8,2016-11-03,20,9,"11/24/16",47857.9,14,25843.51304,22104.25855,"redo, in singlet, originally in batch 2, run 2",1,2016
"gn","stel",2016-02-01,2022-02-22 13:40:00,433,1.1,47,8,2016-11-03,20,2,"11/9/16",21607,2,13365.03939,12315.35461,"",2,2016
"tws","tatu",2016-02-01,2022-02-22 12:48:00,437,1.78,58,8,2016-11-03,20,2,"11/9/16",33661.6,2,12867.17504,15547.37482,"",2,2016
"tws","tesl",2016-02-01,2022-02-22 12:14:00,438,0.72,39,8,2016-11-03,20,2,"11/9/16",13460.1,2,12719.91609,9245.576298,"",2,2016
"gn","mend",2016-02-02,2022-02-22 12:37:00,439,1.1,39,8,2016-11-03,20,2,"11/9/16",10965.7,2,6782.848729,7532.203773,"",2,2016
"tws","brog",2016-02-02,2022-02-22 12:04:00,440,1.98,58,8,2016-11-03,20,3,"11/16/16",47155.3,3,16204.43072,21779.74678,"",2,2016
"tws","peke",2016-02-02,2022-02-22 10:20:00,442,1.08,42,8,2016-11-03,20,3,"11/16/16",17552.7,3,11058.30671,11195.53746,"",2,2016
"gn","stel",2016-02-02,2022-02-22 08:46:00,443,0.74,39,8,2016-11-03,20,3,"11/16/16",3675.06,3,3379.100982,2524.353283,"",2,2016
"tws","dame",2016-02-03,2022-02-22 10:35:00,445,1.24,41,8,2016-11-03,20,3,"11/16/16",6193.23,3,3398.31772,4046.53834,"",2,2016
"tws","bong",2016-02-03,2022-02-22 10:00:00,446,0.74,45,8,2016-11-03,20,3,"11/16/16",7453.45,3,6853.210619,4437.058311,"",2,2016
"tws","brav",2016-02-03,2022-02-22 11:20:00,447,1.18,47,8,2016-11-03,20,3,"11/16/16",10390.5,3,5991.325238,5922.27945,"",2,2016
"twn","safi",2016-02-03,2022-02-22 14:20:00,450,0.88,42,8,2016-11-03,20,3,"11/16/16",2255.82,3,1744.175682,1438.816667,"",2,2016
"gn","renl",2016-02-05,2022-02-22 11:25:00,452,0.5,37,8,2016-11-03,20,3,"11/16/16",20506.1,3,27904.96763,14846.75884,"",2,2016
"gn","dean",2016-02-05,2022-02-22 14:22:00,455,0.9,37,8,2016-11-03,20,3,"11/16/16",8757.25,3,6620.544286,6340.395243,"",2,2016
"tws","atom",2016-02-08,2022-02-22 10:27:00,457,1.12,41,8,2016-11-03,20,3,"11/16/16",18366,3,11157.45166,11999.99405,"",2,2016
"tws","sevi",2016-02-08,2022-02-22 10:04:00,458,0.96,41,8,2016-11-03,20,3,"11/16/16",22342.9,3,15835.68175,14598.42465,"",2,2016
"tws","blas",2016-02-08,2022-02-22 11:34:00,459,1,44,8,2016-11-03,20,3,"11/16/16",25714.1,3,17496.04089,15655.57271,"",2,2016
"twn","kabu",2016-02-09,2022-02-22 12:50:00,461,0.86,40,8,2016-11-03,20,3,"11/16/16",40664.9,3,32172.86331,27233.91169,"",2,2016
"tws","tatu",2016-02-09,2022-02-22 11:20:00,462,1.34,46,8,2016-11-03,20,3,"11/16/16",9132.88,3,4637.366383,5318.63549,"",2,2016
"tws","atom",2016-02-10,2022-02-22 09:56:00,471,1.36,43,8,2016-11-03,20,3,"11/16/16",17093.6,3,8551.909278,10649.1609,"",2,2016
"gn","dais",2016-02-10,2022-02-22 16:20:00,473,0.82,41,8,2016-11-03,20,3,"11/16/16",12828.7,3,10644.7938,8382.02786,"",2,2016
"gn","ting",2016-02-11,2022-02-22 11:10:00,474,0.9,37,8,2016-11-03,20,3,"11/16/16",10199.7,3,7711.046911,7384.753131,"",2,2016
"gn","mend",2016-02-11,2022-02-22 11:30:00,475,1.06,45,8,2016-11-03,20,3,"11/16/16",32231.7,3,20689.3003,19187.61545,"",2,2016
"gn","mole",2016-02-11,2022-02-22 11:45:00,476,0.76,40,8,2016-11-03,20,3,"11/16/16",27430.3,3,24557.57175,18370.49563,"",2,2016
"twn","allo",2016-02-15,2022-02-22 11:19:00,479,0.8,42,8,2016-11-03,20,3,"11/16/16",10953.2,3,9315.78565,6986.216415,"",2,2016
"tws","tesl",2016-02-15,2022-02-22 15:40:00,480,0.96,45,8,2016-11-03,20,3,"11/16/16",17564.2,3,12448.74575,10456.01427,"",2,2016
"tws","fris",2016-02-15,2022-02-22 14:24:00,481,1.26,50,8,2016-11-03,20,3,"11/16/16",3068.03,3,1656.752037,1643.765667,"",2,2016
"tws","brav",2016-02-15,2022-02-22 16:20:00,483,0.98,46,8,2016-11-03,20,3,"11/16/16",14659.4,3,10177.90929,8537.066631,"",2,2016
"tws","brog",2016-02-15,2022-02-22 15:07:00,484,1.1,43,8,2016-11-03,20,3,"11/16/16",7056.43,3,4364.764425,4396.093184,"",2,2016
"twn","kabu",2016-02-16,2022-02-22 12:08:00,488,0.56,40,9,2016-11-04,20,3,"11/16/16",8679.44,3,10545.62041,5812.755041,"",2,2016
"twn","onyx",2016-02-16,2022-02-22 11:30:00,489,0.74,48,9,2016-11-04,20,3,"11/16/16",17642.9,3,16222.08637,9846.435552,"",2,2016
"twn","pam",2016-02-16,2022-02-22 14:40:00,491,0.98,49,9,2016-11-04,20,3,"11/16/16",11454.6,3,7952.841165,6262.304131,"",2,2016
"gn","spor",2016-02-16,2022-02-22 15:20:00,493,0.9,55,9,2016-11-04,20,3,"11/16/16",4455.93,3,3368.715282,2170.33102,"",2,2016
"twn","davi",2016-02-18,2022-02-22 09:24:00,504,0.54,37,9,2016-11-04,20,3,"11/16/16",4267.84,3,5377.529804,3089.987431,"",2,2016
"tws","bike",2016-02-19,2022-02-22 13:00:00,510,1.28,40,9,2016-11-04,20,3,"11/16/16",53596.9,3,28490.3745,35894.67185,"",2,2016
"gn","spor",2016-02-22,2022-02-22 15:05:00,515,0.9,44,9,2016-11-04,20,3,"11/16/16",21442.1,3,16210.38256,13054.64144,"",2,2016
"twn","onyx",2016-02-24,2022-02-22 15:00:00,519,0.88,51,9,2016-11-04,20,3,"11/16/16",43239.8,3,33432.54677,22712.44078,"",2,2016
"tws","peke",2016-03-11,2022-02-22 15:45:00,528,0.88,39,9,2016-11-04,20,3,"11/16/16",38085.1,3,29446.98835,26160.18439,"",3,2016
"gn","dext",2016-03-11,2022-02-22 16:11:00,534,0.92,38,9,2016-11-04,20,3,"11/16/16",24278,3,17955.33598,17115.10697,"",3,2016
"tws","boyd",2015-08-05,2022-02-22 14:36:00,2,0.72,35,1,2016-10-26,10,3,"11/16/16",3981.93,3,3762.95982,3047.725749,"",8,2015
"gn","spad",2015-08-12,2022-02-22 11:56:00,9,0.7,29,1,2016-10-26,10,3,"11/16/16",1833.82,3,1782.490079,1693.982871,"",8,2015
"twn","allo",2015-08-12,2022-02-22 14:50:00,10,0.97,32,1,2016-10-26,10,3,"11/16/16",7398.05,3,5189.362204,6193.235455,"",8,2015
"gn","mole",2015-08-12,2022-02-22 15:40:00,11,0.52,29,1,2016-10-26,10,3,"11/16/16",1626.88,3,2128.730256,1502.822989,"",8,2015
"gn","dann",2015-08-13,2022-02-22 10:29:00,12,0.56,36,1,2016-10-26,10,3,"11/16/16",2153.18,3,2616.138708,1602.242118,"",8,2015
"gn","ropa",2015-08-13,2022-02-22 10:25:00,13,0.8,32,1,2016-10-26,10,3,"11/16/16",4400.5,3,3742.661026,3683.853532,"",8,2015
"gn","spad",2015-08-13,2022-02-22 14:18:00,16,0.76,24,1,2016-10-26,10,3,"11/16/16",3574.2,3,3199.880167,3989.494919,"",8,2015
"tws","burn",2015-08-14,2022-02-22 10:59:00,17,1.07,32,1,2016-10-26,10,3,"11/16/16",7653.96,3,4867.106697,6407.469055,"",8,2015
"gn","mend",2015-08-18,2022-02-22 11:36:00,19,0.86,31,1,2016-10-26,10,3,"11/16/16",6680.14,3,5285.128726,5772.636061,"",8,2015
"tws","dubl",2015-08-18,2022-02-22 14:40:00,20,0.96,28,1,2016-10-26,10,3,"11/16/16",2131.58,3,1510.771767,2039.360075,"",8,2015
"twn","petr",2015-08-19,2022-02-22 15:20:00,21,0.56,24,1,2016-10-26,10,3,"11/16/16",2875.32,3,3493.547195,3209.410366,"",8,2015
"gn","renl",2015-08-21,2022-02-22 10:17:00,25,0.54,28,1,2016-10-26,10,3,"11/16/16",1892.11,3,2384.08139,1810.250421,"",8,2015
"gn","dann",2015-08-21,2022-02-22 10:22:00,26,0.39,35,1,2016-10-26,10,3,"11/16/16",18630,3,32502.49531,14259.19861,"",8,2015
"twn","safi",2015-08-21,2022-02-22 12:47:00,27,0.39,31,1,2016-10-26,10,3,"11/16/16",6270.25,3,10939.27918,5418.430042,"",8,2015
"tws","bong",2015-08-24,2022-02-22 08:50:00,29,0.46,27,2,2016-10-27,10,3,"11/16/16",1887.77,3,2792.284753,1872.990711,"",8,2015
"gn","ropa",2015-08-24,2022-02-22 16:04:00,30,0.62,23,2,2016-10-27,10,3,"11/16/16",58418.8,3,64110.53464,68041.69176,"",8,2015
"tws","peke",2015-08-25,2022-02-22 10:57:00,32,0.59,26,2,2016-10-27,10,3,"11/16/16",8927.69,4,10295.69211,9198.479847,"",8,2015
"tws","blas",2015-08-25,2022-02-22 11:13:00,33,0.84,29,2,2016-10-27,10,3,"11/16/16",5225.77,4,4232.914163,4827.281231,"",8,2015
"tws","fris",2015-08-26,2022-02-22 12:51:00,35,0.58,24,2,2016-10-27,10,3,"11/16/16",3188.8,4,3740.828035,3559.314363,"",8,2015
"twn","keny",2015-08-28,2022-02-22 10:39:00,42,0.84,26,2,2016-10-27,10,3,"11/16/16",3765,4,3049.679152,3879.197936,"",8,2015
"tws","brog",2015-08-28,2022-02-22 12:01:00,44,0.65,24,2,2016-10-27,10,3,"11/16/16",2425.29,4,2538.743216,2707.090295,"",8,2015
"tws","peke",2015-08-28,2022-02-22 12:24:00,45,0.84,32,2,2016-10-27,10,3,"11/16/16",5202.92,4,4214.405486,4355.594868,"",8,2015
"gn","spor",2015-08-31,2022-02-22 11:21:00,47,0.49,27,2,2016-10-27,10,3,"11/16/16",2955.06,4,4103.35111,2931.924932,"",8,2015
"twn","ruki",2015-09-01,2022-02-22 15:03:00,50,0.8,22,2,2016-10-27,10,3,"11/16/16",1310.38,4,1114.488843,1595.603141,"",9,2015
"twn","amos",2015-09-04,2022-02-22 12:49:00,55,0.64,27,2,2016-10-27,10,3,"11/16/16",2537.27,4,2697.460954,2517.405796,"",9,2015
"tws","burn",2015-09-04,2022-02-22 11:48:00,57,0.54,23,2,2016-10-27,10,3,"11/16/16",2549.04,4,3211.821102,2968.924284,"",9,2015
"gn","ropa",2015-09-07,2022-02-22 13:40:00,60,0.51,33,2,2016-10-27,10,3,"11/16/16",4051.68,4,5405.46946,3289.057797,"",9,2015
"gn","renl",2015-09-07,2022-02-22 14:05:00,63,0.46,25,2,2016-10-27,10,3,"11/16/16",2101.63,4,3108.614611,2251.99052,"",9,2015
"twn","petr",2015-09-07,2022-02-22 11:30:00,65,0.84,33,2,2016-10-27,10,3,"11/16/16",9282.2,4,7518.653871,7535.069968,"",9,2015
"gn","renl",2015-09-08,2022-02-22 10:44:00,67,0.31,23,2,2016-10-27,10,3,"11/16/16",1651.78,4,3625.42534,1923.865359,"",9,2015
"gn","mole",2015-09-09,2022-02-22 11:56:00,70,0.32,23,2,2016-10-27,10,3,"11/16/16",2316.9,4,4926.355716,2698.545599,"",9,2015
"gn","spor",2015-09-14,2022-02-22 09:40:00,75,0.79,31,2,2016-10-27,10,3,"11/16/16",54404.6,4,46857.2705,47013.67873,"",9,2015
"tws","tatu",2015-09-16,2022-02-22 11:21:00,78,1.64,31,2,2016-10-27,10,3,"11/16/16",13507.6,4,5604.060301,11672.57855,"",9,2015
"tws","bike",2015-09-17,2022-02-22 12:30:00,80,0.71,31,2,2016-10-27,10,3,"11/16/16",15213.5,4,14579.38641,13146.73026,"",9,2015
"twn","petr",2015-09-17,2022-02-22 12:38:00,81,0.33,23,2,2016-10-27,10,3,"11/16/16",5212.01,4,10746.31971,6070.545405,"",9,2015
"tws","atom",2015-09-17,2022-02-22 16:17:00,82,0.86,30,2,2016-10-27,10,3,"11/16/16",4697.81,4,3716.767999,4194.9279,"",9,2015
"tws","bong",2015-09-18,2022-02-22 12:20:00,86,0.64,25,2,2016-10-27,10,3,"11/16/16",3042.88,4,3234.992724,3260.581984,"",9,2015
"tws","boyd",2015-09-22,2022-02-22 11:11:00,87,0.66,30,2,2016-10-27,10,3,"11/16/16",2544.74,4,2623.420678,2272.335583,"",9,2015
"twn","ruki",2015-09-22,2022-02-22 11:40:00,88,0.89,32,2,2016-10-27,10,3,"11/16/16",2205.19,4,1685.871482,1846.062259,"",9,2015
"twn","safi",2015-09-22,2022-02-22 11:40:00,89,0.74,33,2,2016-10-27,10,3,"11/16/16",4025.09,4,3700.942453,3267.472666,"",9,2015
"tws","fris",2015-09-24,2022-02-22 11:45:00,90,0.8,26,2,2016-10-27,10,3,"11/16/16",7779.87,4,6616.842686,8015.844794,"",9,2015
"tws","boyd",2015-09-25,2022-02-22 14:55:00,91,0.59,31,2,2016-10-27,10,3,"11/16/16",3416.47,4,3939.980354,2952.339011,"",9,2015
"tws","bong",2015-09-28,2022-02-22 09:43:00,92,0.58,22,2,2016-10-27,10,3,"11/16/16",4634.7,4,5437.034525,5643.509424,"",9,2015
"tws","bike",2015-09-28,2022-02-22 10:00:00,95,0.61,29,2,2016-10-27,10,3,"11/16/16",7286.56,4,8127.578387,6730.926605,"",9,2015
"gn","pira",2015-09-29,2022-02-22 16:10:00,101,0.88,32,3,2016-10-28,10,3,"11/16/16",4019.41,4,3107.764439,3364.826207,"",9,2015
"twn","allo",2015-09-30,2022-02-22 09:01:00,102,0.38,30,3,2016-10-28,10,3,"11/16/16",3783.27,4,6774.109249,3378.285813,"",9,2015
"gn","spad",2015-09-30,2022-02-22 09:52:00,103,0.44,36,3,2016-10-28,10,3,"11/16/16",3820.11,4,5907.33566,2842.651863,"",9,2015
"gn","dann",2015-09-30,2022-02-22 10:50:00,104,0.52,26,3,2016-10-28,10,3,"11/16/16",3703.92,4,4846.483189,3816.265291,"",9,2015
"twn","pam",2015-09-30,2022-02-22 09:46:00,107,0.85,36,3,2016-10-28,10,3,"11/16/16",12799.1,4,10245.40104,9524.1722,"",9,2015
"twn","davi",2015-10-01,2022-02-22 12:30:00,110,0.36,24,11,2016-11-04,10,3,"11/16/16",8177.99,4,15456.54885,9128.210383,"",10,2015
"twn","keny",2015-10-01,2022-02-22 14:24:00,114,0.25,27,11,2016-11-04,10,3,"11/16/16",4234.17,4,11523.82723,4201.020822,"",10,2015
"gn","dext",2015-10-02,2022-02-22 12:30:00,118,0.44,27,3,2016-10-28,10,3,"11/16/16",3189.73,4,4932.529632,3164.757709,"",10,2015
"gn","mole",2015-10-02,2022-02-22 11:30:00,119,0.47,24,3,2016-10-28,10,3,"11/16/16",2120.81,4,3070.240251,2367.232029,"",10,2015
"tws","boyd",2015-10-02,2022-02-22 12:30:00,120,0.79,25,3,2016-10-28,10,3,"11/16/16",3012.43,4,2594.527804,3227.953447,"",10,2015
"twn","onyx",2015-10-02,2022-02-22 11:45:00,121,0.47,27,3,2016-10-28,10,3,"11/16/16",5163.66,4,7475.293295,5123.233875,"",10,2015
"tws","dubl",2015-10-05,2022-02-22 14:45:00,123,0.98,24,3,2016-10-28,10,3,"11/16/16",6107,4,4240.043388,6816.58706,"",10,2015
"tws","brav",2015-10-05,2022-02-22 16:37:00,126,0.67,32,3,2016-10-28,10,3,"11/16/16",10303.2,4,10463.23029,8625.265244,"",10,2015
"twn","keny",2015-10-06,2022-02-22 11:10:00,129,0.63,27,3,2016-10-28,10,3,"11/16/16",17493.2,4,18892.8366,17356.24631,"",10,2015
"gn","renl",2015-10-06,2022-02-22 09:30:00,130,0.58,26,3,2016-10-28,10,3,"11/16/16",2956.79,4,3468.653702,3046.473749,"",10,2015
"gn","mayh",2015-10-06,2022-02-22 10:32:00,132,0.37,22,3,2016-10-28,10,3,"11/16/16",4679.47,4,8605.248172,5698.024261,"",10,2015
"tws","burn",2015-10-06,2022-02-22 08:53:00,133,1.01,31,3,2016-10-28,10,3,"11/16/16",14397.9,4,9699.4305,12441.93037,"",10,2015
"twn","pam",2015-10-06,2022-02-22 15:43:00,135,0.74,30,3,2016-10-28,10,3,"11/16/16",42086,4,38696.74072,37580.85908,"",10,2015
"twn","amos",2015-10-06,2022-02-22 16:00:00,136,0.52,29,3,2016-10-28,10,3,"11/16/16",10683.5,4,13979.08247,9868.834455,"",10,2015
"gn","spad",2015-10-06,2022-02-22 14:39:00,137,0.66,30,3,2016-10-28,10,3,"11/16/16",3465.22,4,3572.360949,3094.281816,"",10,2015
"tws","burn",2015-10-07,2022-02-22 10:24:00,139,1.02,34,3,2016-10-28,10,3,"11/16/16",8752.33,4,5838.374762,6895.965411,"",10,2015
"tws","bike",2015-10-07,2022-02-22 12:20:00,140,0.68,29,3,2016-10-28,10,3,"11/16/16",3681.32,4,3683.520693,3400.602579,"",10,2015
"gn","ropa",2015-10-07,2022-02-22 14:58:00,142,0.46,23,3,2016-10-28,10,4,"11/18/16",9865.89,5,14593.07766,11491.02423,"",10,2015
"gn","stel",2015-10-08,2022-02-22 12:02:00,146,0.61,26,3,2016-10-28,10,4,"11/18/16",4145.71,5,4624.209915,4271.455425,"",10,2015
"tws","peke",2015-10-08,2022-02-22 10:42:00,148,0.83,31,3,2016-10-28,10,4,"11/18/16",2913.61,5,2388.480957,2517.793063,"",10,2015
"tws","bike",2015-10-08,2022-02-22 12:04:00,149,1.1,32,3,2016-10-28,10,4,"11/18/16",14049.9,5,8690.584856,11761.79383,"",10,2015
"tws","dame",2015-10-08,2022-02-22 10:28:00,150,0.68,23,3,2016-10-28,10,4,"11/18/16",2955.14,5,2956.906583,3441.918098,"",10,2015
"tws","boyd",2015-10-08,2022-02-22 11:42:00,152,0.7,26,3,2016-10-28,10,4,"11/18/16",1979.08,5,1923.684149,2039.10838,"",10,2015
"tws","brog",2015-10-08,2022-02-22 16:25:00,153,1.01,30,3,2016-10-28,10,4,"11/18/16",2415.04,5,1626.939528,2156.519458,"",10,2015
"tws","sevi",2015-10-08,2022-02-22 14:42:00,154,0.52,34,3,2016-10-28,10,4,"11/18/16",5676.5,5,7427.552924,4472.517336,"",10,2015
"tws","bike",2015-10-08,2022-02-22 15:53:00,155,0.65,30,3,2016-10-28,10,4,"11/18/16",14361.5,5,15033.32001,12824.15786,"",10,2015
"tws","dame",2015-10-09,2022-02-22 09:35:00,157,0.91,34,3,2016-10-28,10,4,"11/18/16",3389.44,5,2534.282441,2670.541559,"",10,2015
"tws","atom",2015-10-09,2022-02-22 11:56:00,158,0.92,32,3,2016-10-28,10,4,"11/18/16",12542.7,5,9276.233324,10500.04992,"",10,2015
"twn","pam",2015-10-09,2022-02-22 10:58:00,159,0.45,31,3,2016-10-28,10,4,"11/18/16",13469.3,5,20365.77628,11639.48164,"",10,2015
"twn","allo",2015-10-09,2022-02-22 14:52:00,160,0.69,23,3,2016-10-28,10,4,"11/18/16",650.67,5,641.6233333,757.85,"",10,2015
"gn","pira",2015-10-12,2022-02-22 10:53:00,164,0.7,31,3,2016-10-28,10,4,"11/18/16",6360.48,5,6182.445659,5496.402203,"",10,2015
"twn","davi",2015-10-13,2022-02-22 11:46:00,166,0.28,26,3,2016-10-28,10,4,"11/18/16",8516.88,5,20696.21624,8775.209381,"",10,2015
"twn","onyx",2015-10-13,2022-02-22 09:55:00,168,0.5,32,3,2016-10-28,10,4,"11/18/16",9514.61,5,12947.60506,7965.101613,"",10,2015
"tws","brav",2015-10-13,2022-02-22 15:06:00,172,0.74,22,4,2016-11-01,10,4,"11/18/16",3345.93,5,3076.476397,4074.220011,"",10,2015
"tws","burn",2015-10-15,2022-02-22 09:05:00,174,0.6,26,4,2016-11-01,10,4,"11/18/16",6035.12,5,6843.891501,6218.173984,"",10,2015
"gn","dann",2015-10-16,2022-02-22 11:40:00,181,0.28,23,4,2016-11-01,10,4,"11/18/16",4184.28,5,10167.8976,4873.525133,"",10,2015
"twn","king",2015-10-19,2022-02-22 12:10:00,182,0.48,31,4,2016-11-01,10,4,"11/18/16",3703.04,5,5249.109377,3199.97818,"",10,2015
"tws","fris",2015-10-20,2022-02-22 11:12:00,185,1.52,27,4,2016-11-01,10,4,"11/18/16",4473.62,5,2002.552727,4438.596176,"",10,2015
"gn","stre",2015-10-22,2022-02-22 11:14:00,191,0.44,25,4,2016-11-01,10,4,"11/18/16",2412.85,5,3731.179167,2585.476667,"",10,2015
"tws","fris",2015-10-22,2022-02-22 12:10:00,192,0.62,36,4,2016-11-01,10,4,"11/18/16",37412.3,5,41057.3746,27839.55025,"",10,2015
"gn","stel",2015-10-26,2022-02-22 12:26:00,199,0.84,24,4,2016-11-01,10,4,"11/18/16",3081.49,5,2496.03076,3439.535755,"",10,2015
"twn","petr",2015-10-28,2022-02-22 11:03:00,206,0.72,36,5,2016-11-01,10,4,"11/18/16",5869.41,5,5546.645471,4367.593936,"",10,2015
"gn","stre",2015-10-29,2022-02-22 12:40:00,214,0.56,25,5,2016-11-01,10,4,"11/18/16",2564.33,5,3115.690733,2747.79426,"",10,2015
"twn","keny",2015-11-03,2022-02-22 12:36:00,219,0.68,30,5,2016-11-01,10,4,"11/18/16",1540.39,5,1541.310845,1375.497304,"",11,2015
"tws","burn",2015-11-09,2022-02-22 12:26:00,225,1.42,36,5,2016-11-01,10,4,"11/18/16",7739.13,5,3708.277738,5758.905454,"",11,2015
"tws","bong",2015-11-11,2022-02-22 12:00:00,227,0.66,22,5,2016-11-01,10,4,"11/18/16",3289.82,5,3391.537765,4005.896859,"",11,2015
"tws","atom",2015-11-12,2022-02-22 10:55:00,228,0.92,26,5,2016-11-01,10,4,"11/18/16",1765.18,5,1305.47821,1818.720482,"",11,2015
"twn","safi",2015-11-12,2022-02-22 11:56:00,229,0.78,28,5,2016-11-01,10,4,"11/18/16",7112.57,5,6204.408832,6804.854283,"",11,2015
"gn","spad",2015-11-18,2022-02-22 12:00:00,232,0.72,26,5,2016-11-01,10,4,"11/18/16",14339.9,5,13551.33504,14774.85006,"",11,2015
"twn","kabu",2015-11-18,2022-02-22 14:10:00,235,0.86,26,5,2016-11-01,10,4,"11/18/16",6930.36,5,5483.095372,7140.567917,"",11,2015
"twn","petr",2015-11-18,2022-02-22 14:17:00,236,0.8,31,5,2016-11-01,10,4,"11/18/16",6938.64,5,5901.369732,5996.018568,"",11,2015
"gn","ting",2015-11-18,2022-02-22 16:40:00,237,1.04,33,5,2016-11-01,10,4,"11/18/16",10388.4,5,6796.475891,8433.056911,"",11,2015
"tws","blas",2015-11-23,2022-02-22 12:30:00,242,1.62,36,5,2016-11-01,10,4,"11/18/16",5508.05,5,2313.403114,4098.695743,"",11,2015
"tws","peke",2015-11-23,2022-02-22 12:03:00,243,1.48,26,5,2016-11-01,10,4,"11/18/16",7072.12,5,3251.294896,7286.627705,"",11,2015
"tws","fris",2015-11-23,2022-02-22 10:00:00,245,1.52,26,5,2016-11-01,10,4,"11/18/16",11384.4,5,5096.065661,11729.70544,"",11,2015
"tws","brav",2015-11-23,2022-02-22 15:15:00,246,1.16,25,5,2016-11-01,10,4,"11/18/16",17257.3,5,10122.39583,18491.96862,"",11,2015
"tws","tatu",2015-11-23,2022-02-22 14:30:00,247,0.94,30,5,2016-11-01,10,4,"11/18/16",5896.81,5,4268.327529,5265.579661,"",11,2015
"tws","boyd",2015-11-23,2022-02-22 15:35:00,248,0.58,24,5,2016-11-01,10,4,"11/18/16",3298.44,5,3869.448326,3681.693699,"",11,2015
"twn","keny",2015-11-25,2022-02-22 14:45:00,256,0.86,23,5,2016-11-01,10,4,"11/18/16",2680.48,5,2120.716309,3122.015412,"",11,2015
"gn","ropa",2015-11-26,2022-02-22 12:40:00,258,0.76,24,5,2016-11-01,10,4,"11/18/16",14926.9,5,13363.63138,16661.29251,"",11,2015
"gn","dean",2015-11-26,2022-02-22 14:10:00,259,0.72,24,5,2016-11-01,10,4,"11/18/16",13759.8,5,13003.1353,15358.58435,"",11,2015
"gn","dext",2015-11-26,2022-02-22 09:30:00,260,0.8,24,5,2016-11-01,10,4,"11/18/16",13593.2,5,11561.12711,15172.62669,"",11,2015
"gn","mole",2015-11-26,2022-02-22 14:28:00,262,1.06,28,5,2016-11-01,10,4,"11/18/16",4145.4,5,2660.902945,3966.054878,"",11,2015
"twn","pam",2015-12-01,2022-02-22 10:50:00,266,0.78,32,5,2016-11-01,10,4,"11/18/16",27739.9,5,24197.95946,23222.29942,"",12,2015
"twn","safi",2015-12-01,2022-02-22 10:11:00,267,0.54,22,5,2016-11-01,10,4,"11/18/16",6076.74,5,7656.765592,7399.430266,"",12,2015
"tws","dame",2015-12-03,2022-02-22 11:27:00,268,1.24,26,5,2016-11-01,10,4,"11/18/16",5975.49,5,3278.840533,6156.735319,"",12,2015
"gn","dean",2015-12-03,2022-02-22 14:20:00,272,0.84,31,5,2016-11-01,10,4,"11/18/16",15077.8,5,12213.13475,13029.46525,"",12,2015
"gn","mayh",2015-12-04,2022-02-22 12:00:00,274,1.08,31,5,2016-11-01,10,4,"11/18/16",7188.34,6,4528.69749,6211.796564,"",12,2015
"tws","sevi",2015-12-04,2022-02-22 15:42:00,279,1.64,31,6,2016-11-02,10,4,"11/18/16",3834.76,6,1590.972955,3313.803881,"",12,2015
"twn","keny",2015-12-07,2022-02-22 10:23:00,284,0.76,22,6,2016-11-02,10,4,"11/18/16",4637.77,6,4152.064306,5647.247653,"",12,2015
"tws","bike",2015-12-07,2022-02-22 12:28:00,286,1.18,26,6,2016-11-02,10,4,"11/18/16",4193.75,6,2418.182014,4320.952548,"",12,2015
"twn","pam",2015-12-18,2022-02-22 10:13:00,293,0.6,23,6,2016-11-02,10,4,"11/18/16",6753.43,6,7658.462828,7865.871987,"",12,2015
"tws","bong",2015-12-18,2022-02-22 12:55:00,295,1,30,6,2016-11-02,10,4,"11/18/16",1244.65,6,846.8679553,1111.415108,"",12,2015
"gn","spad",2015-12-18,2022-02-22 14:55:00,297,0.86,34,6,2016-11-02,10,4,"11/18/16",9327.38,6,7379.546532,7349.047609,"",12,2015
"gn","renl",2015-12-19,2022-02-22 15:20:00,304,0.54,26,6,2016-11-02,10,4,"11/18/16",1653.34,6,2083.228314,1703.488211,"",12,2015
"tws","blas",2015-12-22,2022-02-22 14:00:00,312,1.38,32,6,2016-11-02,10,4,"11/18/16",24958.1,6,12305.54606,20893.53138,"",12,2015
"tws","burn",2015-12-28,2022-02-22 15:15:00,319,0.76,36,6,2016-11-02,10,4,"11/18/16",6449.33,6,5773.902735,4799.128805,"",12,2015
"tws","boyd",2015-12-28,2022-02-22 14:45:00,320,1.08,35,6,2016-11-02,10,4,"11/18/16",5824.5,6,3669.470077,4458.008711,"",12,2015
"tws","sevi",2015-12-29,2022-02-22 09:00:00,321,0.68,32,6,2016-11-02,10,4,"11/18/16",20199.9,6,20211.9755,16910.23133,"",12,2015
"tws","peke",2015-12-29,2022-02-22 10:55:00,322,1,34,6,2016-11-02,10,4,"11/18/16",1892.8,6,1287.873431,1491.338116,"",12,2015
"tws","atom",2015-12-29,2022-02-22 08:35:00,324,0.76,27,6,2016-11-02,10,4,"11/18/16",5223.61,6,4676.550288,5182.714529,"",12,2015
"gn","spor",2015-12-29,2022-02-22 08:46:00,327,0.8,26,6,2016-11-02,10,4,"11/18/16",9465.34,6,8050.348624,9752.437555,"",12,2015
"gn","ting",2015-12-30,2022-02-22 10:38:00,329,0.64,28,6,2016-11-02,10,4,"11/18/16",4838.41,6,5143.883802,4629.082738,"",12,2015
"tws","tatu",2015-12-30,2022-02-22 11:30:00,332,0.72,31,6,2016-11-02,10,4,"11/18/16",1084.17,6,1024.550444,936.8843824,"",12,2015
"gn","stel",2015-12-30,2022-02-22 16:32:00,337,0.48,23,6,2016-11-02,10,4,"11/18/16",3289.82,6,4663.364428,3831.72743,"",12,2015
"twn","ruki",2015-12-31,2022-02-22 08:45:00,345,1.04,35,7,2016-11-03,10,4,"11/18/16",3717.62,6,2432.204642,2845.425761,"",12,2015
"twn","onyx",2015-12-31,2022-02-22 16:10:00,347,0.7,28,7,2016-11-03,10,4,"11/18/16",15510.1,6,15075.96131,14839.07651,"",12,2015
"gn","spad",2016-01-04,2022-02-22 09:48:00,350,0.56,26,7,2016-11-03,10,4,"11/18/16",12165.5,6,14781.2238,12534.49734,"",1,2016
"gn","mayh",2016-01-04,2022-02-22 08:32:00,353,0.5,28,7,2016-11-03,10,4,"11/18/16",16395.5,6,22311.20967,15686.17088,"",1,2016
"twn","safi",2016-01-04,2022-02-22 09:33:00,354,0.6,31,7,2016-11-03,10,4,"11/18/16",11671.6,6,13235.72092,10086.00105,"",1,2016
"tws","fris",2016-01-04,2022-02-22 08:12:00,359,1.64,30,7,2016-11-03,10,4,"11/18/16",20827,6,8640.74772,18597.55149,"",1,2016
"twn","davi",2016-01-06,2022-02-22 12:52:00,364,0.5,36,7,2016-11-03,10,4,"11/18/16",11014,6,14987.99447,8195.828817,"",1,2016
"tws","brav",2016-01-06,2022-02-22 12:30:00,365,0.66,26,7,2016-11-03,10,4,"11/18/16",6537.37,6,6739.498587,6735.657958,"",1,2016
"tws","sevi",2016-01-06,2022-02-22 12:03:00,366,0.8,30,7,2016-11-03,10,4,"11/18/16",1466.5,6,1247.270173,1309.516938,"",1,2016
"twn","onyx",2016-01-06,2022-02-22 12:47:00,367,0.64,33,7,2016-11-03,10,4,"11/18/16",19705.4,6,20949.50363,15996.37669,"",1,2016
"gn","ropa",2016-01-06,2022-02-22 08:25:00,369,0.5,23,7,2016-11-03,10,4,"11/18/16",1429.99,6,1945.948993,1665.541552,"",1,2016
"gn","mole",2016-01-06,2022-02-22 14:15:00,370,0.76,36,7,2016-11-03,10,4,"11/18/16",6480.19,6,5801.53082,4822.092604,"",1,2016
"gn","stre",2016-01-11,2022-02-22 12:12:00,376,1.1,32,7,2016-11-03,10,4,"11/18/16",46271.8,6,28621.48516,38736.17403,"",1,2016
"gn","spor",2016-01-11,2022-02-22 11:49:00,377,0.46,30,7,2016-11-03,10,4,"11/18/16",28286.1,6,41839.23134,25258.18415,"",1,2016
"gn","renl",2016-01-11,2022-02-22 10:00:00,378,0.44,29,7,2016-11-03,10,4,"11/18/16",6570.59,6,10160.61857,6069.552579,"",1,2016
"gn","dais",2016-01-11,2022-02-22 12:20:00,379,1,31,7,2016-11-03,10,4,"11/18/16",12507.2,6,8509.980228,10808.08392,"",1,2016
"gn","ropa",2016-01-11,2022-02-22 11:36:00,380,0.44,30,7,2016-11-03,10,4,"11/18/16",24435.9,6,37787.14839,21820.13293,"",1,2016
"tws","dame",2016-01-11,2022-02-22 11:51:00,381,0.52,30,7,2016-11-03,10,4,"11/18/16",9155.48,6,11979.70796,8175.421843,"",1,2016
"twn","pam",2016-01-13,2022-02-22 08:33:00,386,0.86,36,7,2016-11-03,10,4,"11/18/16",19375.9,6,15329.63765,14418.15504,"",1,2016
"tws","bong",2016-01-14,2022-02-22 08:30:00,390,0.56,36,7,2016-11-03,10,4,"11/18/16",2088.75,6,2537.85551,1554.297934,"",1,2016
"tws","burn",2016-01-14,2022-02-22 09:30:00,391,0.76,32,7,2016-11-03,10,4,"11/18/16",18539.3,6,16597.71092,15520.06949,"",1,2016
"tws","dubl",2016-01-14,2022-02-22 08:20:00,392,0.88,22,7,2016-11-03,10,4,"11/18/16",12476.1,6,9646.385892,15191.70344,"",1,2016
"tws","peke",2016-01-14,2022-02-22 09:54:00,393,0.68,33,7,2016-11-03,10,4,"11/18/16",12116.8,6,12124.04342,9836.131067,"",1,2016
"gn","dean",2016-01-14,2022-02-22 10:54:00,394,0.62,32,7,2016-11-03,10,4,"11/18/16",10266.9,6,11267.20248,8594.876905,"",1,2016
"gn","stre",2016-01-15,2022-02-22 15:00:00,397,1.4,35,7,2016-11-03,10,4,"11/18/16",45358,6,22044.19872,34716.518,"",1,2016
"gn","spad",2016-01-21,2022-02-22 11:35:00,400,0.9,28,7,2016-11-03,10,4,"11/18/16",23531.4,6,17789.90846,22513.34582,"",1,2016
"tws","peke",2016-01-25,2022-02-22 12:10:00,408,0.42,24,7,2016-11-03,10,4,"11/18/16",7871.11,6,12751.32009,8785.673255,"",1,2016
"tws","bong",2016-01-25,2022-02-22 09:25:00,409,0.38,23,7,2016-11-03,10,4,"11/18/16",3138.3,6,5619.262452,3655.248674,"",1,2016
"tws","bike",2016-01-25,2022-02-22 10:16:00,410,0.82,32,7,2016-11-03,10,4,"11/18/16",19712.8,6,16356.97236,16502.45833,"",1,2016
"gn","dean",2016-01-26,2022-02-22 11:50:00,414,0.54,30,7,2016-11-03,10,4,"11/18/16",6735.69,6,8487.050528,6014.660854,"",1,2016
"twn","kabu",2016-01-26,2022-02-22 10:00:00,417,0.58,28,8,2016-11-03,10,4,"11/18/16",12018.5,6,14099.07857,11498.53586,"",1,2016
"gn","pira",2016-01-26,2022-02-22 14:30:00,421,0.68,33,8,2016-11-03,10,4,"11/18/16",12887.1,6,12894.80391,10461.44235,"",1,2016
"gn","dais",2016-01-27,2022-02-22 09:35:00,423,0.32,22,8,2016-11-03,10,6,"11/21/16",9923.25,7,21099.512,12083.18875,"",1,2016
"tws","tesl",2016-01-28,2022-02-22 12:41:00,429,0.68,29,8,2016-11-03,10,6,"11/21/16",5715.04,7,5718.456451,5279.242164,"",1,2016
"gn","renl",2016-01-28,2022-02-22 08:30:00,430,0.58,28,8,2016-11-03,10,6,"11/21/16",10238.5,7,12010.93447,9795.545151,"",1,2016
"gn","stel",2016-01-28,2022-02-22 09:25:00,431,0.74,30,8,2016-11-03,10,6,"11/21/16",12442.6,7,11440.57563,11110.66856,"",1,2016
"tws","dubl",2016-01-28,2022-02-22 10:00:00,432,0.96,30,8,2016-11-03,10,6,"11/21/16",6543.82,7,4637.97676,5843.329783,"",1,2016
"tws","bike",2016-02-01,2022-02-22 11:05:00,434,0.78,25,8,2016-11-03,10,6,"11/21/16",10110.9,7,8819.900156,10834.28146,"",2,2016
"tws","brog",2016-02-01,2022-02-22 10:38:00,435,1.24,36,8,2016-11-03,10,6,"11/21/16",22346.3,7,12261.74828,16628.51366,"",2,2016
"tws","burn",2016-02-01,2022-02-22 08:15:00,436,1.5,31,8,2016-11-03,10,6,"11/21/16",25207.4,7,11434.18594,21782.9486,"",2,2016
"gn","spad",2016-02-02,2022-02-22 11:27:00,441,0.84,30,8,2016-11-03,10,6,"11/21/16",2446.7,7,1981.845945,2184.790379,"",2,2016
"gn","ropa",2016-02-02,2022-02-22 09:52:00,444,0.4,25,8,2016-11-03,10,6,"11/21/16",5776.02,7,9825.103939,6189.263707,"",2,2016
"tws","boyd",2016-02-03,2022-02-22 12:05:00,448,0.68,29,8,2016-11-03,10,6,"11/21/16",7061.19,7,7065.41118,6522.742094,"",2,2016
"tws","dubl",2016-02-03,2022-02-22 08:04:00,449,1.08,24,8,2016-11-03,10,6,"11/21/16",11739.9,7,7396.207701,13103.9873,"",2,2016
"tws","sevi",2016-02-04,2022-02-22 11:46:00,451,0.58,32,8,2016-11-03,10,6,"11/21/16",6199.54,7,7272.771273,5189.909629,"",2,2016
"twn","petr",2016-02-05,2022-02-22 09:00:00,453,0.74,33,8,2016-11-03,10,6,"11/21/16",30849.8,7,28365.41158,25043.13649,"",2,2016
"twn","pam",2016-02-05,2022-02-22 09:27:00,454,0.5,35,8,2016-11-03,10,6,"11/21/16",23786.9,7,32369.52294,18206.23357,"",2,2016
"tws","fris",2016-02-08,2022-02-22 11:42:00,456,0.98,34,8,2016-11-03,10,6,"11/21/16",25674.2,7,17825.40068,20228.71569,"",2,2016
"twn","amos",2016-02-09,2022-02-22 11:03:00,460,0.46,22,8,2016-11-03,10,6,"11/21/16",5932.86,7,8775.557678,7224.232705,"",2,2016
"gn","mayh",2016-02-09,2022-02-22 11:59:00,465,0.38,24,8,2016-11-03,10,6,"11/21/16",1913.81,7,3426.759925,2136.1802,"",2,2016
"tws","dame",2016-02-10,2022-02-22 12:24:00,469,0.68,28,8,2016-11-03,10,6,"11/21/16",2927.98,7,2929.730347,2801.304907,"",2,2016
"tws","boyd",2016-02-10,2022-02-22 11:00:00,470,0.84,35,8,2016-11-03,10,6,"11/21/16",5212.36,7,4222.051959,3989.483438,"",2,2016
"gn","pira",2016-02-10,2022-02-22 08:20:00,472,0.58,24,8,2016-11-03,10,6,"11/21/16",6093.98,7,7148.937289,6802.054234,"",2,2016
"tws","peke",2016-02-15,2022-02-22 14:10:00,482,0.72,36,8,2016-11-03,10,6,"11/21/16",2141.81,7,2024.029798,1593.78138,"",2,2016
"gn","ting",2016-02-16,2022-02-22 09:14:00,487,0.66,32,9,2016-11-04,10,6,"11/21/16",17625.3,7,18170.25569,14754.91959,"",2,2016
"tws","blas",2016-02-16,2022-02-22 14:29:00,490,0.36,22,9,2016-11-04,10,6,"11/21/16",1839.19,7,3476.102328,2239.516279,"",2,2016
"twn","amos",2016-02-16,2022-02-22 15:14:00,492,0.56,32,9,2016-11-04,10,6,"11/21/16",8550.54,7,10389.00541,7158.035899,"",2,2016
"twn","safi",2016-02-17,2022-02-22 11:30:00,494,0.38,22,9,2016-11-04,10,6,"11/21/16",6119.85,7,10957.85722,7451.92378,"",2,2016
"gn","ropa",2016-02-17,2022-02-22 09:09:00,495,0.44,23,9,2016-11-04,10,6,"11/21/16",2406.97,7,3722.086462,2803.452156,"",2,2016
"gn","spad",2016-02-18,2022-02-22 08:15:00,497,0.86,35,9,2016-11-04,10,6,"11/21/16",31445.3,7,24878.58912,24067.88931,"",2,2016
"twn","ruki",2016-02-18,2022-02-22 12:20:00,498,0.42,27,9,2016-11-04,10,6,"11/21/16",4807.08,7,7787.544042,4769.445528,"",2,2016
"twn","petr",2016-02-18,2022-02-22 12:05:00,499,0.4,33,9,2016-11-04,10,6,"11/21/16",10275.5,7,17478.79258,8341.407366,"",2,2016
"gn","mole",2016-02-18,2022-02-22 08:40:00,500,0.94,36,9,2016-11-04,10,6,"11/21/16",32231.4,7,23330.27042,23984.29607,"",2,2016
"twn","king",2016-02-18,2022-02-22 09:52:00,501,0.6,35,9,2016-11-04,10,6,"11/21/16",2514.51,7,2851.481598,1924.578502,"",2,2016
"gn","dean",2016-02-18,2022-02-22 11:20:00,502,0.82,32,9,2016-11-04,10,6,"11/21/16",1644.04,7,1364.165255,1376.29873,"",2,2016
"twn","onyx",2016-02-18,2022-02-22 10:40:00,503,0.44,29,9,2016-11-04,10,6,"11/21/16",8005.98,7,12380.27469,7395.487553,"",2,2016
"twn","keny",2016-02-18,2022-02-22 09:35:00,505,0.56,31,9,2016-11-04,10,6,"11/21/16",7982.35,7,9698.64796,6897.939483,"",2,2016
"twn","safi",2016-02-18,2022-02-22 14:22:00,506,0.42,27,9,2016-11-04,10,6,"11/21/16",2534.07,7,4105.232642,2514.230849,"",2,2016
"gn","spor",2016-02-19,2022-02-22 09:40:00,507,0.68,28,9,2016-11-04,10,6,"11/21/16",19593.3,7,19605.01288,18745.62239,"",2,2016
"gn","pira",2016-02-19,2022-02-22 11:10:00,508,0.84,33,9,2016-11-04,10,6,"11/21/16",17076.4,7,13832.01622,13862.2168,"",2,2016
"gn","ropa",2016-02-19,2022-02-22 10:08:00,509,0.9,35,9,2016-11-04,10,6,"11/21/16",18582.8,7,14048.73109,14223.07224,"",2,2016
"twn","king",2016-02-22,2022-02-22 08:55:00,511,0.52,31,9,2016-11-04,10,6,"11/21/16",6766.1,7,8853.266245,5846.918306,"",2,2016
"twn","davi",2016-02-22,2022-02-22 11:30:00,512,0.46,26,9,2016-11-04,10,6,"11/21/16",23183.9,7,34292.33989,23887.10147,"",2,2016
"gn","dais",2016-02-22,2022-02-22 10:45:00,513,0.56,25,9,2016-11-04,10,6,"11/21/16",25108.8,7,30507.48362,26905.20195,"",2,2016
"gn","stre",2016-02-22,2022-02-22 16:18:00,514,0.86,36,9,2016-11-04,10,6,"11/21/16",11129.8,7,8805.567801,8281.998871,"",2,2016
"gn","stre",2016-02-23,2022-02-22 11:05:00,516,0.56,27,9,2016-11-04,10,6,"11/21/16",3705.73,7,4502.50499,3676.717961,"",2,2016
"twn","davi",2016-02-24,2022-02-22 14:30:00,518,0.84,24,9,2016-11-04,10,6,"11/21/16",4464.8,7,3616.522571,4983.575881,"",2,2016
"tws","bike",2016-03-10,2022-02-22 15:35:00,527,0.38,23,9,2016-11-04,10,6,"11/21/16",1397.22,7,2501.783094,1627.373595,"",3,2016
"twn","amos",2016-03-11,2022-02-22 14:25:00,529,0.56,23,9,2016-11-04,10,6,"11/21/16",1748.3,7,2124.204805,2036.284376,"",3,2016
"tws","boyd",2016-03-11,2022-02-22 12:45:00,530,0.34,24,9,2016-11-04,10,6,"11/21/16",9013.69,7,18038.15677,10061.01238,"",3,2016
"gn","dais",2016-03-11,2022-02-22 16:28:00,535,1.5,26,9,2016-11-04,10,6,"11/21/16",15608.7,7,7080.174,16082.13462,"",3,2016
"gn","stre",2016-03-11,2022-02-22 15:22:00,536,1.42,33,9,2016-11-04,10,6,"11/21/16",30238.4,7,14489.01692,24546.81646,"",3,2016
"gn","mole",2016-03-11,2022-02-22 16:53:00,537,0.52,25,9,2016-11-04,10,6,"11/21/16",10194.6,8,13339.36951,10923.96976,"",3,2016
"gn","stel",2016-03-12,2022-02-22 14:30:00,539,0.96,30,9,2016-11-04,10,6,"11/21/16",11222.3,8,7953.881157,10020.99688,"",3,2016
"twn","onyx",2016-03-14,2022-02-22 12:00:00,544,0.38,26,9,2016-11-04,10,6,"11/21/16",39717.8,8,71116.44591,40922.49875,"",3,2016
"twn","allo",2016-03-14,2022-02-22 09:42:00,545,0.74,22,9,2016-11-04,10,6,"11/21/16",5746.98,8,5284.165636,6997.893237,"",3,2016
"twn","safi",2016-03-14,2022-02-22 11:20:00,546,0.38,24,9,2016-11-04,10,6,"11/21/16",37736.4,8,67568.66316,42121.08333,"",3,2016
"tws","fris",2016-03-14,2022-02-22 11:25:00,547,0.86,24,9,2016-11-04,10,6,"11/21/16",28301.5,8,22391.30776,31589.91955,"",3,2016
"tws","tatu",2016-03-14,2022-02-22 11:17:00,549,0.88,23,9,2016-11-04,10,6,"11/21/16",24607.5,8,19026.25346,28660.90933,"",3,2016
"gn","dext",2016-03-14,2022-02-22 14:38:00,551,0.56,24,9,2016-11-04,10,6,"11/21/16",4976.87,8,6046.954853,5555.144529,"",3,2016
"gn","spad",2016-03-14,2022-02-22 14:22:00,552,0.62,27,9,2016-11-04,10,6,"11/21/16",8582.8,8,9419.020876,8515.60554,"",3,2016
"gn","renl",2016-03-15,2022-02-22 15:45:00,553,0.6,25,9,2016-11-04,10,6,"11/21/16",4302.96,8,4879.603285,4610.814049,"",3,2016
"gn","stre",2016-03-15,2022-02-22 14:49:00,554,0.72,26,9,2016-11-04,10,6,"11/21/16",2457.27,8,2322.142348,2531.80258,"",3,2016
"tws","tesl",2016-03-16,2022-02-22 08:25:00,556,0.66,24,9,2016-11-04,10,6,"11/21/16",5443.87,8,5612.18872,6076.406386,"",3,2016
"tws","brog",2016-03-16,2022-02-22 11:10:00,557,0.52,24,9,2016-11-04,10,6,"11/21/16",5131.3,8,6714.172874,5727.518123,"",3,2016
"tws","burn",2016-03-16,2022-02-22 08:50:00,558,0.66,26,10,2016-11-04,10,6,"11/21/16",47296.5,8,48758.85791,48731.07176,"",3,2016
"tws","sevi",2016-03-16,2022-02-22 10:05:00,559,0.58,28,10,2016-11-04,10,6,"11/21/16",22186.2,8,26026.95652,21226.34408,"",3,2016
"tws","dame",2016-03-16,2022-02-22 10:21:00,560,0.56,23,10,2016-11-04,10,6,"11/21/16",13707.5,8,16654.7717,15965.4339,"",3,2016
"gn","pira",2016-03-16,2022-02-22 09:10:00,561,0.62,27,10,2016-11-04,10,6,"11/21/16",10367,8,11377.05521,10285.8371,"",3,2016
"gn","dean",2016-03-16,2022-02-22 09:16:00,562,0.48,31,10,2016-11-04,10,6,"11/21/16",41895.3,8,59387.15544,36203.78009,"",3,2016
"gn","dais",2016-03-16,2022-02-22 15:33:00,563,0.68,27,10,2016-11-04,10,6,"11/21/16",3188.2,8,3190.105906,3163.239687,"",3,2016
"gn","spor",2016-03-16,2022-02-22 16:45:00,564,0.54,23,10,2016-11-04,10,6,"11/21/16",2696.26,8,3397.320075,3140.394733,"",3,2016
"gn","ting",2016-03-16,2022-02-22 14:40:00,565,0.8,30,10,2016-11-04,10,6,"11/21/16",3888.07,8,3306.835145,3471.867385,"",3,2016
"gn","stre",2016-03-16,2022-02-22 16:29:00,567,0.76,31,10,2016-11-04,10,6,"11/21/16",4369.4,8,3911.800235,3775.812484,"",3,2016
"gn","stel",2016-03-16,2022-02-22 14:38:00,568,0.54,24,10,2016-11-04,10,6,"11/21/16",2483.48,8,3129.214712,2772.041531,"",3,2016
"gn","mayh",2016-03-16,2022-02-22 16:20:00,570,0.76,32,10,2016-11-04,10,6,"11/21/16",2952.38,8,2643.182309,2471.568115,"",3,2016
"tws","brav",2016-03-17,2022-02-22 10:52:00,572,1.14,27,10,2016-11-04,10,6,"11/21/16",11297.6,8,6742.947825,11209.15146,"",3,2016
"twn","pam",2016-03-18,2022-02-22 15:20:00,576,0.46,22,10,2016-11-04,10,6,"11/21/16",1437.58,8,2126.388657,1750.490059,"",3,2016
"twn","kabu",2016-03-18,2022-02-22 14:08:00,577,0.66,28,10,2016-11-04,10,6,"11/21/16",2703.86,8,2787.4605,2586.881156,"",3,2016
"twn","onyx",2016-03-18,2022-02-22 15:55:00,578,0.42,22,10,2016-11-04,10,6,"11/21/16",1397.52,8,2264.004042,1701.710421,"",3,2016
"twn","keny",2016-03-18,2022-02-22 15:35:00,579,0.7,29,10,2016-11-04,10,6,"11/21/16",4430.41,8,4306.399685,4092.571054,"",3,2016
"twn","safi",2016-03-18,2022-02-22 14:50:00,580,0.58,34,10,2016-11-04,10,6,"11/21/16",19926.5,8,23376.06932,15700.09983,"",3,2016
"twn","allo",2016-03-18,2022-02-22 10:34:00,581,0.62,32,10,2016-11-04,10,6,"11/21/16",4232.18,8,4644.520643,3542.945401,"",3,2016
"twn","amos",2016-03-18,2022-02-22 09:40:00,582,0.62,33,10,2016-11-04,10,6,"11/21/16",4410.07,8,4839.742438,3579.990305,"",3,2016
"tws","brog",2016-03-18,2022-02-22 12:10:00,583,0.68,24,10,2016-11-04,10,6,"11/21/16",8411.06,8,8416.088132,9388.361348,"",3,2016
"twn","petr",2016-03-18,2022-02-22 09:55:00,586,0.54,33,10,2016-11-04,10,6,"11/21/16",4193.71,8,5284.125111,3404.354385,"",3,2016
"gn","renl",2016-03-18,2022-02-22 11:52:00,587,0.28,22,10,2016-11-04,10,6,"11/21/16",6258.85,8,15209.15089,7621.179139,"",3,2016
"twn","davi",2016-03-21,2022-02-22 08:57:00,589,0.58,27,10,2016-11-04,10,6,"11/21/16",10621.8,8,12460.58932,10538.64228,"",3,2016
"gn","ting",2016-03-21,2022-02-22 16:05:00,590,1.18,35,10,2016-11-04,10,6,"11/21/16",19124.8,8,11027.65958,14637.91312,"",3,2016
"twn","king",2016-03-21,2022-02-22 10:05:00,591,0.38,29,10,2016-11-04,10,6,"11/21/16",3186.64,8,5705.817321,2943.644183,"",3,2016
"twn","petr",2016-03-21,2022-02-22 09:58:00,592,0.4,26,10,2016-11-04,10,6,"11/21/16",15067,8,25629.21199,15524.00407,"",3,2016
"twn","ruki",2016-03-21,2022-02-22 09:30:00,593,0.36,25,10,2016-11-04,10,6,"11/21/16",3667.17,8,6931.017554,3929.536634,"",3,2016
"tws","fris",2016-03-22,2022-02-22 10:45:00,594,0.42,22,10,2016-11-04,10,6,"11/21/16",4856.68,8,7867.89681,5913.806578,"",3,2016
"tws","brav",2016-03-22,2022-02-22 11:05:00,595,0.36,27,10,2016-11-04,10,6,"11/21/16",2701.3,8,5105.505804,2680.151611,"",3,2016
"tws","atom",2016-03-22,2022-02-22 10:50:00,596,0.38,27,10,2016-11-04,10,6,"11/21/16",2627.98,8,4705.512328,2607.405631,"",3,2016
"tws","atom",2016-03-24,2022-02-22 16:20:00,601,0.84,35,10,2016-11-04,10,6,"11/21/16",4272.52,8,3460.774282,3270.140163,"",3,2016
"gn","mole",2016-03-24,2022-02-22 12:48:00,603,0.44,23,10,2016-11-04,10,6,"11/21/16",3485.1,8,5389.283426,4059.174443,"",3,2016
"gn","dean",2016-03-24,2022-02-22 15:25:00,604,0.62,22,10,2016-11-04,10,6,"11/21/16",2304.62,8,2529.15877,2806.253843,"",3,2016
"gn","ropa",2016-03-24,2022-02-22 16:25:00,606,0.62,31,10,2016-11-04,10,6,"11/21/16",2856.07,8,3134.336458,2468.069932,"",3,2016
"tws","tesl",2016-03-25,2022-02-22 12:20:00,609,0.24,24,10,2016-11-04,10,6,"11/21/16",3354.02,8,9508.737595,3743.731673,"",3,2016
"tws","brav",2016-03-25,2022-02-22 15:56:00,614,0.64,30,10,2016-11-04,10,6,"11/21/16",2630.81,8,2796.906617,2349.192127,"",3,2016
"gn","dais",2016-03-28,2022-02-22 16:00:00,617,0.7,25,10,2016-11-04,10,6,"11/21/16",2198.77,8,2137.22487,2356.080374,"",3,2016
"gn","stre",2016-03-28,2022-02-22 16:45:00,618,0.58,28,10,2016-11-04,10,5,"11/21/16",2991.39,9,3509.243469,2861.971559,"",3,2016
"gn","dean",2016-03-28,2022-02-22 16:30:00,619,0.86,25,10,2016-11-04,10,5,"11/21/16",4612.14,9,3648.988434,4942.114244,"",3,2016
"twn","petr",2015-08-04,2022-02-22 14:20:00,1,0.83,19,1,2016-10-26,5,5,"11/21/16",1761.63,9,1444.125915,2483.770154,"",8,2015
"twn","ruki",2015-08-10,2022-02-22 15:20:00,5,0.63,12,1,2016-10-26,5,5,"11/21/16",1270.2,9,1371.829113,2835.575203,"",8,2015
"tws","peke",2015-08-11,2022-02-22 10:38:00,7,0.42,19,1,2016-10-26,5,5,"11/21/16",3739.09,9,6057.383703,5271.844908,"",8,2015
"twn","king",2015-08-12,2022-02-22 10:29:00,8,0.44,15,1,2016-10-26,5,5,"11/24/16",1138.95,9,1761.2477,2034.059756,"redid in batch 14 run 9, but wasn't necessary!",8,2015
"gn","renl",2015-08-20,2022-02-22 12:15:00,22,0.32,18,1,2016-10-26,5,5,"11/21/16",1445.26,9,3073.01345,2150.91766,"",8,2015
"gn","dean",2015-08-20,2022-02-22 12:00:00,23,0.14,11,1,2016-10-26,5,5,"11/24/16",1171.24,9,5692.280813,2852.354619,"redid in batch 14 run 9, but wasn't necessary!",8,2015
"twn","pam",2015-08-26,2022-02-22 10:47:00,37,0.35,21,2,2016-10-27,5,5,"11/21/16",6062.48,9,11785.57378,7733.593341,"",8,2015
"tws","dubl",2015-08-31,2022-02-22 12:05:00,46,0.63,11,2,2016-10-27,5,5,"11/21/16",3553.53,9,3837.849086,8654.014302,"",8,2015
"gn","stre",2015-09-01,2022-02-22 11:37:00,48,0.57,21,2,2016-10-27,5,5,"11/21/16",4109.01,9,4904.907244,5241.652323,"",9,2015
"twn","davi",2015-09-01,2022-02-22 11:42:00,49,0.4,16,2,2016-10-27,5,5,"11/21/16",2150.78,9,3658.511752,3601.026474,"",9,2015
"tws","dame",2015-09-02,2022-02-22 12:14:00,51,0.37,14,2,2016-10-27,5,5,"11/21/16",3688.9,9,6783.652846,7058.609466,"",9,2015
"gn","stre",2015-09-03,2022-02-22 10:06:00,53,0.66,17,2,2016-10-27,5,5,"11/21/16",4766.42,9,4913.79268,7510.929651,"",9,2015
"twn","keny",2015-09-03,2022-02-22 09:24:00,54,0.33,15,2,2016-10-27,5,5,"11/21/16",1549.07,9,3193.931222,2766.496287,"",9,2015
"gn","dean",2015-09-07,2022-02-22 10:42:00,58,0.22,12,2,2016-10-27,5,7,"11/23/16",676.961,10,2093.675761,1511.237463,"",9,2015
"twn","safi",2015-09-07,2022-02-22 12:00:00,61,0.34,11,2,2016-10-27,5,7,"11/23/16",1528.4,10,3058.627355,3722.156689,"",9,2015
"twn","amos",2015-09-07,2022-02-22 11:40:00,62,0.39,19,2,2016-10-27,5,7,"11/23/16",2016.29,10,3517.68418,2842.822229,"",9,2015
"twn","pam",2015-09-07,2022-02-22 09:47:00,64,0.31,17,2,2016-10-27,5,7,"11/23/16",6736.21,10,14785.0358,10614.92681,"",9,2015
"gn","mend",2015-09-10,2022-02-22 13:58:00,73,0.37,14,2,2016-10-27,5,7,"11/23/16",896.228,10,1648.106379,1714.907816,"",9,2015
"twn","ruki",2015-09-11,2022-02-22 08:10:00,74,0.51,21,2,2016-10-27,5,7,"11/23/16",3360.16,10,4482.891605,4286.382966,"",9,2015
"tws","bike",2015-09-14,2022-02-22 16:49:00,76,0.27,17,2,2016-10-27,5,7,"11/23/16",1584.68,10,3993.431774,2497.140411,"",9,2015
"tws","bike",2015-09-17,2022-02-22 16:49:00,83,0.37,12,2,2016-10-27,5,7,"11/23/16",714.121,10,1313.223171,1594.192883,"",9,2015
"twn","amos",2015-09-17,2022-02-22 14:50:00,84,0.38,19,2,2016-10-27,5,7,"11/23/16",1231.72,10,2205.448156,1736.635601,"",9,2015
"tws","tatu",2015-09-18,2022-02-22 11:07:00,85,0.54,14,2,2016-10-27,5,7,"11/23/16",1200.37,10,1512.480658,2296.875232,"",9,2015
"tws","dame",2015-09-28,2022-02-22 12:00:00,94,0.32,18,2,2016-10-27,5,7,"11/23/16",2937.53,10,6245.982868,4371.798261,"",9,2015
"tws","bong",2015-09-29,2022-02-22 11:20:00,97,0.41,20,3,2016-10-28,5,7,"11/23/16",2823.96,10,4686.440857,3782.499268,"",9,2015
"twn","davi",2015-09-30,2022-02-22 10:15:00,108,0.57,18,3,2016-10-28,5,7,"11/23/16",1619.85,10,1933.607852,2410.752371,"",9,2015
"tws","bong",2015-10-01,2022-02-22 10:22:00,112,0.14,14,11,2016-11-04,5,7,"11/23/16",877.648,10,4265.410053,1679.355494,"",10,2015
"gn","mole",2015-10-05,2022-02-22 14:39:00,122,0.26,13,3,2016-10-28,5,7,"11/23/16",1802.22,10,4716.316191,3713.767917,"",10,2015
"twn","allo",2015-10-06,2022-02-22 10:53:00,127,0.58,21,3,2016-10-28,5,7,"11/23/16",1180.47,10,1384.826665,1505.86475,"",10,2015
"tws","brog",2015-10-06,2022-02-22 09:45:00,134,0.64,14,3,2016-10-28,5,7,"11/23/16",1278.34,10,1359.048204,2446.068699,"",10,2015
"tws","dubl",2015-10-07,2022-02-22 09:51:00,138,0.35,18,3,2016-10-28,5,7,"11/23/16",3496.64,10,6797.533138,5203.89738,"",10,2015
"twn","amos",2015-10-08,2022-02-22 12:30:00,145,0.46,20,3,2016-10-28,5,7,"11/23/16",2760,10,4082.439024,3696.829268,"",10,2015
"gn","mayh",2015-10-08,2022-02-22 11:49:00,147,0.69,21,3,2016-10-28,5,7,"11/23/16",3870.81,10,3816.991739,4937.792857,"",10,2015
"gn","dais",2015-10-09,2022-02-22 12:10:00,156,0.6,20,3,2016-10-28,5,7,"11/23/16",1394.24,10,1581.083274,1867.48813,"",10,2015
"tws","tatu",2015-10-12,2022-02-22 12:08:00,163,0.63,19,3,2016-10-28,5,7,"11/23/16",1838.13,10,1985.199377,2591.629589,"",10,2015
"twn","keny",2015-10-13,2022-02-22 08:45:00,167,0.36,18,3,2016-10-28,5,7,"11/23/16",2132.56,10,4030.576929,3173.796387,"",10,2015
"tws","dubl",2015-10-13,2022-02-22 17:15:00,169,0.6,20,4,2016-11-01,5,7,"11/23/16",2469.36,10,2800.281008,3307.537073,"",10,2015
"gn","dais",2015-10-16,2022-02-22 09:20:00,178,0.52,21,4,2016-11-01,5,7,"11/23/16",4056.78,10,5308.191341,5175.025203,"",10,2015
"gn","spad",2015-10-16,2022-02-22 09:48:00,180,0.38,21,4,2016-11-01,5,7,"11/23/16",2424.14,10,4340.527955,3092.350484,"",10,2015
"twn","amos",2015-10-21,2022-02-22 10:50:00,186,0.24,15,4,2016-11-01,5,7,"11/23/16",808.959,10,2293.420688,1444.726236,"",10,2015
"twn","king",2015-10-21,2022-02-22 11:50:00,187,0.34,19,4,2016-11-01,5,7,"11/23/16",1052.97,10,2107.198931,1484.611104,"",10,2015
"twn","onyx",2015-10-21,2022-02-22 11:55:00,189,0.26,17,4,2016-11-01,5,7,"11/23/16",6762.13,10,17696.14321,10655.77157,"",10,2015
"gn","dext",2015-10-22,2022-02-22 11:21:00,190,0.18,14,4,2016-11-01,5,7,"11/23/16",712.622,10,2693.73691,1363.582747,"",10,2015
"twn","ruki",2015-10-22,2022-02-22 11:06:00,194,0.24,16,4,2016-11-01,5,7,"11/23/16",1767.58,10,5011.137202,2959.439075,"",10,2015
"twn","petr",2015-10-22,2022-02-22 10:38:00,195,0.36,19,4,2016-11-01,5,7,"11/23/16",9670.08,10,18276.62591,13634.10937,"",10,2015
"tws","peke",2015-10-26,2022-02-22 11:45:00,200,0.6,21,4,2016-11-01,5,7,"11/23/16",10714.1,10,12149.90554,13667.42528,"",10,2015
"tws","tesl",2015-10-27,2022-02-22 11:37:00,204,0.26,13,4,2016-11-01,5,7,"11/23/16",1718.3,10,4496.701907,3540.837086,"",10,2015
"twn","kabu",2015-10-28,2022-02-22 12:00:00,208,0.2,12,5,2016-11-01,5,7,"11/23/16",741.825,10,2523.712774,1656.038872,"redo bc CVs too high?",10,2015
"gn","mend",2015-10-28,2022-02-22 11:30:00,209,0.76,19,5,2016-11-01,5,7,"11/23/16",10902.5,10,9760.699882,15371.73192,"",10,2015
"gn","ting",2015-10-28,2022-02-22 16:54:00,211,0.4,17,5,2016-11-01,5,7,"11/23/16",979.369,10,1665.922594,1543.290701,"",10,2015
"gn","stel",2015-10-29,2022-02-22 12:22:00,212,0.62,21,5,2016-11-01,5,7,"11/23/16",2059.14,10,2259.761692,2626.738792,"",10,2015
"gn","dann",2015-10-29,2022-02-22 11:43:00,216,0.3,14,5,2016-11-01,5,7,"11/23/16",1692.17,10,3837.878247,3237.921109,"",10,2015
"twn","allo",2015-11-04,2022-02-22 11:40:00,221,0.04,15,5,2016-11-01,5,7,"11/23/16",9485.2,10,161344.7943,16939.69322,"",11,2015
"tws","tatu",2015-11-04,2022-02-22 10:55:00,223,0.64,14,5,2016-11-01,5,7,"11/23/16",1420.95,10,1510.661909,2718.949042,"",11,2015
"tws","bong",2015-11-09,2022-02-22 11:50:00,226,0.32,11,5,2016-11-01,5,7,"11/23/16",1816.1,10,3861.519538,4422.800813,"",11,2015
"gn","dais",2015-11-18,2022-02-22 12:35:00,231,0.56,18,5,2016-11-01,5,7,"11/23/16",1354.37,10,1645.57528,2015.650023,"",11,2015
"gn","dann",2015-11-18,2022-02-22 11:55:00,233,0.56,20,5,2016-11-01,5,7,"11/23/16",4699.78,10,5710.287285,6295.030528,"",11,2015
"twn","king",2015-11-18,2022-02-22 15:50:00,234,0.54,20,5,2016-11-01,5,7,"11/23/16",1822.18,10,2295.968747,2440.684187,"",11,2015
"gn","pira",2015-11-23,2022-02-22 10:54:00,244,0.74,19,5,2016-11-01,5,7,"11/23/16",1606.9,10,1477.493529,2265.61211,"",11,2015
"gn","stre",2015-11-24,2022-02-22 09:35:00,251,0.5,15,5,2016-11-01,5,7,"11/23/16",23587.3,10,32097.90467,42124.74444,"",11,2015
"gn","mayh",2015-11-24,2022-02-22 09:20:00,252,0.56,15,5,2016-11-01,5,7,"11/23/16",15698.8,10,19074.22433,28036.6103,"",11,2015
"twn","davi",2015-11-25,2022-02-22 14:28:00,254,0.76,11,5,2016-11-01,5,7,"11/23/16",6940.01,10,6213.194661,16901.20691,"",11,2015
"twn","ruki",2015-11-25,2022-02-22 16:45:00,255,0.58,12,5,2016-11-01,5,7,"11/23/16",733.765,10,860.7904801,1638.04585,"",11,2015
"twn","amos",2015-11-25,2022-02-22 15:00:00,257,0.98,21,5,2016-11-01,5,8,"11/23/16",7593.97,11,5272.435285,9687.236218,"",11,2015
"twn","ruki",2015-12-03,2022-02-22 11:25:00,270,0.36,11,5,2016-11-01,5,8,"11/23/16",922.434,11,1743.416925,2246.430177,"",12,2015
"tws","atom",2015-12-03,2022-02-22 09:18:00,271,0.48,11,5,2016-11-01,5,8,"11/23/16",1471.41,11,2085.743613,3583.367295,"",12,2015
"gn","ropa",2015-12-04,2022-02-22 11:27:00,273,0.5,20,5,2016-11-01,5,8,"11/23/16",3195.04,11,4347.851993,4279.535285,"",12,2015
"gn","dann",2015-12-04,2022-02-22 12:36:00,276,0.36,17,5,2016-11-01,5,8,"11/23/16",1209.38,11,2285.75005,1905.742276,"",12,2015
"tws","bong",2015-12-04,2022-02-22 15:15:00,278,0.64,17,6,2016-11-02,5,8,"11/23/16",2496.15,11,2653.744836,3933.435796,"",12,2015
"twn","davi",2015-12-04,2022-02-22 16:00:00,280,0.56,18,6,2016-11-02,5,8,"11/23/16",3071.21,11,3731.55582,4570.748397,"",12,2015
"twn","kabu",2015-12-04,2022-02-22 14:20:00,281,0.46,18,6,2016-11-02,5,8,"11/23/16",1669.59,11,2469.564989,2484.778252,"",12,2015
"twn","onyx",2015-12-04,2022-02-22 15:56:00,282,0.44,18,6,2016-11-02,5,8,"11/23/16",1322.03,11,2044.35866,1967.519806,"",12,2015
"twn","allo",2015-12-07,2022-02-22 11:30:00,283,0.46,14,6,2016-11-02,5,8,"11/23/16",3550.04,11,5251.022404,6792.904646,"",12,2015
"tws","brav",2015-12-07,2022-02-22 09:07:00,287,0.54,16,6,2016-11-02,5,8,"11/23/16",1929.55,11,2431.256241,3230.623603,"",12,2015
"twn","davi",2015-12-18,2022-02-22 10:30:00,291,0.46,17,6,2016-11-02,5,8,"11/23/16",2652.82,11,3923.904309,4180.316547,"",12,2015
"tws","boyd",2015-12-18,2022-02-22 09:57:00,296,0.5,14,6,2016-11-02,5,8,"11/23/16",1766.82,11,2404.311639,3380.761847,"",12,2015
"twn","amos",2015-12-19,2022-02-22 09:18:00,299,0.42,11,6,2016-11-02,5,8,"11/23/16",1566.58,11,2537.88386,3815.137546,"",12,2015
"twn","petr",2015-12-19,2022-02-22 09:52:00,300,0.4,11,6,2016-11-02,5,8,"11/23/16",3047.56,11,5183.949114,7421.810939,"",12,2015
"twn","kabu",2015-12-19,2022-02-22 11:40:00,301,0.54,16,6,2016-11-02,5,8,"11/23/16",6876.52,11,8664.498025,11513.27917,"",12,2015
"twn","safi",2015-12-21,2022-02-22 10:37:00,307,0.42,19,6,2016-11-02,5,8,"11/23/16",13354.2,11,21634.0108,18828.45058,"",12,2015
"twn","ruki",2015-12-21,2022-02-22 12:29:00,310,0.64,21,6,2016-11-02,5,8,"11/23/16",1474.29,11,1567.369539,1880.675784,"",12,2015
"tws","peke",2015-12-22,2022-02-22 11:24:00,311,0.5,13,6,2016-11-02,5,8,"11/23/16",17916.5,11,24381.00626,36919.8671,"",12,2015
"gn","ting",2015-12-23,2022-02-22 08:27:00,314,0.94,19,6,2016-11-02,5,8,"11/23/16",14927.7,11,10805.2172,21046.97112,"",12,2015
"tws","brog",2015-12-28,2022-02-22 10:33:00,315,0.98,20,6,2016-11-02,5,8,"11/23/16",12083.6,11,8389.551054,16185.14715,"",12,2015
"tws","bike",2015-12-28,2022-02-22 12:30:00,316,1.22,20,6,2016-11-02,5,8,"11/23/16",15770.2,11,8795.202172,21123.09309,"",12,2015
"gn","mend",2015-12-28,2022-02-22 14:22:00,318,0.46,19,6,2016-11-02,5,8,"11/23/16",4596,11,6798.148462,6480.025674,"",12,2015
"twn","allo",2015-12-29,2022-02-22 08:32:00,325,0.36,20,6,2016-11-02,5,8,"11/23/16",642.906,11,1215.103955,861.1281585,"",12,2015
"twn","amos",2015-12-29,2022-02-22 09:18:00,326,0.7,16,6,2016-11-02,5,8,"11/23/16",3095.66,11,3009.010283,5183.028303,"",12,2015
"gn","spor",2015-12-30,2022-02-22 09:30:00,330,0.44,18,6,2016-11-02,5,8,"11/23/16",2560.29,11,3959.177201,3810.36836,"",12,2015
"gn","mole",2015-12-30,2022-02-22 15:02:00,335,0.24,12,6,2016-11-02,5,8,"11/23/16",793.618,11,2249.928537,1771.660779,"",12,2015
"gn","ropa",2015-12-30,2022-02-22 16:00:00,336,0.54,21,6,2016-11-02,5,8,"11/23/16",6254.43,11,7880.657132,7978.454065,"",12,2015
"gn","pira",2015-12-31,2022-02-22 08:30:00,339,0.58,18,6,2016-11-02,5,8,"11/23/16",6659.02,11,7811.793998,9910.330126,"",12,2015
"gn","stre",2015-12-31,2022-02-22 08:52:00,340,0.76,14,6,2016-11-02,5,8,"11/23/16",1155.86,11,1034.808766,2211.706562,"",12,2015
"gn","renl",2015-12-31,2022-02-22 08:51:00,341,0.62,18,6,2016-11-02,5,8,"11/23/16",6358.77,11,6978.303977,9463.481098,"",12,2015
"gn","stel",2015-12-31,2022-02-22 09:10:00,342,0.54,18,6,2016-11-02,5,8,"11/23/16",1151.21,11,1450.538466,1713.295822,"",12,2015
"gn","dext",2015-12-31,2022-02-22 10:29:00,343,0.42,20,6,2016-11-02,5,8,"11/23/16",7932.07,11,12850.07623,10624.45961,"",12,2015
"gn","ting",2015-12-31,2022-02-22 08:52:00,349,0.24,12,7,2016-11-03,5,8,"11/23/16",2490.08,11,7059.444282,5558.816802,"",12,2015
"gn","spor",2016-01-04,2022-02-22 09:20:00,351,0.22,11,7,2016-11-03,5,8,"11/23/16",4107.07,11,12702.16882,10002.06626,"",1,2016
"gn","dext",2016-01-04,2022-02-22 08:42:00,356,0.22,12,7,2016-11-03,5,8,"11/23/16",5421.66,11,16767.87603,12103.2315,"",1,2016
"twn","keny",2016-01-04,2022-02-22 08:35:00,357,0.38,17,7,2016-11-03,5,8,"11/23/16",4240.15,11,7592.172732,6681.632831,"",1,2016
"gn","pira",2016-01-07,2022-02-22 11:49:00,373,0.42,18,7,2016-11-03,5,8,"11/23/16",3228.49,11,5230.203796,4804.821387,"",1,2016
"tws","bike",2016-01-22,2022-02-22 14:23:00,401,0.62,21,7,2016-11-03,5,8,"11/23/16",14485.8,11,15897.14925,18478.78862,"",1,2016
"twn","onyx",2016-01-25,2022-02-22 10:50:00,405,0.42,12,7,2016-11-03,5,8,"11/23/16",1795.01,11,2907.943997,4007.153083,"",1,2016
"twn","keny",2016-01-25,2022-02-22 11:40:00,407,0.44,20,7,2016-11-03,5,8,"11/23/16",6915.97,11,10694.70675,9263.463882,"",1,2016
"tws","fris",2016-01-25,2022-02-22 08:40:00,411,0.66,16,7,2016-11-03,5,8,"11/23/16",6565.56,11,6768.560192,10992.64238,"",1,2016
"gn","ting",2016-01-26,2022-02-22 12:40:00,416,0.28,17,7,2016-11-03,5,8,"11/23/16",9945.02,11,24166.62961,15671.37298,"",1,2016
"gn","mole",2016-01-26,2022-02-22 12:30:00,418,0.24,17,8,2016-11-03,5,8,"11/23/16",9593.93,11,27199.05155,15118.12499,"",1,2016
"gn","spor",2016-01-26,2022-02-22 08:55:00,420,0.34,12,8,2016-11-03,5,8,"11/23/16",2035.45,11,4073.333584,4543.90769,"",1,2016
"twn","keny",2016-02-09,2022-02-22 08:44:00,463,0.24,13,8,2016-11-03,5,8,"11/23/16",1146.08,11,3249.167859,2361.684553,"",2,2016
"twn","allo",2016-02-09,2022-02-22 12:15:00,464,0.48,20,8,2016-11-03,5,8,"11/23/16",7246.45,11,10271.94107,9706.119004,"",2,2016
"twn","ruki",2016-02-09,2022-02-22 12:45:00,466,0.52,20,8,2016-11-03,5,8,"11/23/16",3000.11,11,3925.566071,4018.44002,"",2,2016
"tws","burn",2016-02-10,2022-02-22 08:35:00,467,0.62,19,8,2016-11-03,5,8,"11/23/16",1132.89,11,1243.267297,1597.29249,"",2,2016
"tws","dubl",2016-02-10,2022-02-22 12:31:00,468,0.46,15,8,2016-11-03,5,8,"11/23/16",1898,11,2807.416402,3389.653117,"",2,2016
"gn","dext",2016-02-11,2022-02-22 09:55:00,477,0.54,21,8,2016-11-03,5,8,"11/23/16",5634.58,12,7099.638666,7187.74336,"",2,2016
"tws","bong",2016-02-11,2022-02-22 09:00:00,478,0.32,17,8,2016-11-03,5,8,"11/23/16",794.274,12,1688.841236,1251.617805,"",2,2016
"gn","dext",2016-02-23,2022-02-22 10:10:00,517,0.24,15,9,2016-11-04,5,8,"11/23/16",2595.99,12,7359.702002,4636.198943,"",2,2016
"tws","blas",2016-03-08,2022-02-22 10:38:00,520,0.24,12,9,2016-11-04,5,8,"11/23/16",2201.63,12,6241.680715,4914.8854,"",3,2016
"tws","atom",2016-03-10,2022-02-22 14:58:00,522,0.32,11,9,2016-11-04,5,8,"11/23/16",2022.95,12,4301.338554,4926.548596,"",3,2016
"tws","sevi",2016-03-10,2022-02-22 14:35:00,526,0.2,18,9,2016-11-04,5,8,"11/23/16",1836.28,12,6247.084276,2732.855736,"",3,2016
"twn","king",2016-03-11,2022-02-22 11:55:00,531,0.44,18,9,2016-11-04,5,8,"11/23/16",661.317,12,1022.646336,984.2093564,"",3,2016
"twn","ruki",2016-03-11,2022-02-22 12:30:00,532,0.44,18,9,2016-11-04,5,8,"11/23/16",1192.88,12,1844.643888,1775.311472,"",3,2016
"tws","dame",2016-03-11,2022-02-22 11:55:00,533,0.3,18,9,2016-11-04,5,8,"11/23/16",4146.04,12,9403.308607,6170.371183,"",3,2016
"twn","keny",2016-03-12,2022-02-22 09:40:00,538,0.38,19,9,2016-11-04,5,8,"11/23/16",1624.47,12,2908.684089,2290.384531,"",3,2016
"twn","king",2016-03-12,2022-02-22 10:40:00,540,0.38,21,9,2016-11-04,5,8,"11/23/16",1612.09,12,2886.517161,2056.460143,"",3,2016
"tws","atom",2016-03-14,2022-02-22 11:45:00,548,0.7,20,9,2016-11-04,5,NA,"",NA,NA,NA,NA,"redo CVs too high, originally in batch 12 run 8",3,2016
"tws","dubl",2016-03-14,2022-02-22 08:40:00,550,0.74,20,9,2016-11-04,5,8,"11/23/16",9488.88,12,8724.723876,12709.69902,"",3,2016
"tws","bike",2016-03-16,2022-02-22 11:04:00,555,0.32,16,9,2016-11-04,5,8,"11/23/16",948.366,12,2016.482483,1587.838399,"",3,2016
"gn","renl",2016-03-16,2022-02-22 15:30:00,566,0.48,20,10,2016-11-04,5,8,"11/23/16",1561.79,12,2213.858487,2091.909776,"",3,2016
"gn","mend",2016-03-16,2022-02-22 15:50:00,571,0.42,21,10,2016-11-04,5,8,"11/23/16",1473.94,12,2387.805625,1880.229307,"",3,2016
"tws","bong",2016-03-17,2022-02-22 08:20:00,573,0.58,20,10,2016-11-04,5,8,"11/23/16",5249.91,12,6158.746396,7031.891646,"",3,2016
"tws","peke",2016-03-17,2022-02-22 08:11:00,574,0.6,19,10,2016-11-04,5,8,"11/23/16",5418.3,12,6144.410935,7639.408858,"",3,2016
"tws","boyd",2016-03-17,2022-02-22 15:00:00,575,0.28,14,10,2016-11-04,5,8,"11/23/16",1579.5,12,3838.22169,3022.330139,"",3,2016
"tws","blas",2016-03-18,2022-02-22 11:30:00,584,0.38,16,10,2016-11-04,5,8,"11/23/16",1269.68,12,2273.417184,2125.810772,"",3,2016
"tws","tatu",2016-03-18,2022-02-22 09:51:00,585,0.32,12,10,2016-11-04,5,8,"11/23/16",966.02,12,2054.01966,2156.528388,"",3,2016
"gn","spad",2016-03-21,2022-02-22 14:50:00,588,0.42,18,10,2016-11-04,5,8,"11/23/16",4984.45,12,8074.886189,7418.140357,"",3,2016
"tws","burn",2016-03-22,2022-02-22 14:45:00,597,0.36,19,10,2016-11-04,5,8,"11/23/16",3738.66,12,7066.134946,5271.238639,"",3,2016
"tws","dubl",2016-03-22,2022-02-22 14:30:00,598,0.38,18,10,2016-11-04,5,8,"11/23/16",3696.88,12,6619.424202,5501.905872,"",3,2016
"tws","brog",2016-03-23,2022-02-22 11:28:00,600,0.5,19,10,2016-11-04,5,8,"11/23/16",3022.08,12,4112.485776,4260.912965,"",3,2016
"twn","davi",2016-03-24,2022-02-22 14:30:00,602,0.46,20,10,2016-11-04,5,8,"11/23/16",3923.82,12,5803.897063,5255.685732,"",3,2016
"gn","stel",2016-03-24,2022-02-22 10:35:00,605,0.32,12,11,2016-11-04,5,8,"11/23/16",551.641,12,1172.937888,1231.474997,"",3,2016
"tws","dubl",2016-03-24,2022-02-22 11:00:00,607,0.32,21,10,2016-11-04,5,8,"11/23/16",9952.33,12,21161.34395,12695.67455,"",3,2016
"tws","dame",2016-03-25,2022-02-22 14:55:00,608,0.32,19,10,2016-11-04,5,8,"11/23/16",1182.98,12,2515.335269,1667.915747,"",3,2016
"tws","blas",2016-03-25,2022-02-22 14:50:00,610,0.24,11,10,2016-11-04,5,8,"11/23/16",574.019,12,1627.359421,1397.925059,"",3,2016
"tws","boyd",2016-03-25,2022-02-22 15:00:00,611,0.22,16,10,2016-11-04,5,8,"11/23/16",1120.39,12,3465.093832,1875.856225,"",3,2016
"tws","sevi",2016-03-25,2022-02-22 14:28:00,612,0.28,20,10,2016-11-04,5,8,"11/23/16",1018.87,12,2475.877767,1364.705955,"",3,2016
"tws","atom",2016-03-29,2022-02-22 10:50:00,615,0.3,17,10,2016-11-04,5,8,"11/23/16",6650.04,12,15082.43489,10479.14003,"",3,2016
"tws","fris",2016-03-29,2022-02-22 10:10:00,620,0.26,20,10,2016-11-04,5,8,"11/23/16",5881.17,12,15390.71661,7877.420793,"",3,2016
"tws","bike",2015-08-06,2022-02-22 16:20:00,3,0.18,7,1,2016-10-26,2,8,"11/23/16",313.951,12,1186.746124,1201.473339,"",8,2015
"gn","mend",2015-08-21,2022-02-22 12:13:00,24,0.13,9,1,2016-10-26,2,8,"11/23/16",721.966,12,3778.695093,2148.941256,"",8,2015
"twn","pam",2015-08-24,2022-02-22 09:34:00,28,0.12,6,1,2016-10-26,2,8,"11/23/16",343.701,12,1948.803299,1534.545793,"",8,2015
"gn","pira",2015-08-25,2022-02-22 08:30:00,31,0.12,7,2,2016-10-27,2,8,"11/23/16",345.784,12,1960.614022,1323.296492,"",8,2015
"tws","tatu",2015-08-25,2022-02-22 12:15:00,34,0.17,7,2,2016-10-27,2,8,"11/23/16",298.271,12,1193.797226,1141.466835,"run neat?",8,2015
"gn","dean",2015-09-04,2022-02-22 09:09:00,56,0.21,9,2,2016-10-27,2,8,"11/23/16",NA,12,NA,NA,"run neat?",9,2015
"gn","mend",2015-09-08,2022-02-22 09:42:00,66,0.15,9,2,2016-10-27,2,8,"11/23/16",451.737,12,2049.09862,1344.601098,"",9,2015
"twn","safi",2015-09-09,2022-02-22 09:13:00,69,0.18,7,2,2016-10-27,2,8,"11/23/16",687.673,12,2599.428788,2631.687033,"",9,2015
"gn","dean",2015-09-29,2022-02-22 10:57:00,96,0.09,3,2,2016-10-27,2,8,"11/23/16",296.904,12,2244.615696,2651.215935,"",9,2015
"gn","mole",2015-10-01,2022-02-22 09:52:00,109,0.09,9,11,2016-11-04,2,8,"11/23/16",645.664,12,4881.2665,1921.827353,"",10,2015
"twn","allo",2015-10-01,2022-02-22 10:16:00,111,0.07,9,11,2016-11-04,2,8,"11/23/16",323.942,12,3148.746339,964.2176061,"",10,2015
"tws","tatu",2015-10-13,2022-02-22 16:13:00,170,0.34,10,4,2016-11-01,2,8,"11/23/16",483.857,12,968.2924995,1296.186028,"",10,2015
"tws","tatu",2015-10-15,2022-02-22 14:22:00,176,0.22,6,4,2016-11-01,2,8,"11/23/16",471.064,12,1456.886407,2103.192249,"",10,2015
"twn","ruki",2015-10-20,2022-02-22 09:00:00,183,0.12,6,4,2016-11-01,2,8,"11/23/16",317.745,12,1801.631372,1418.658232,"",10,2015
"tws","bong",2015-10-20,2022-02-22 11:55:00,184,0.16,7,4,2016-11-01,2,8,"11/23/16",411.363,12,1749.33788,1574.263746,"",10,2015
"twn","allo",2015-10-21,2022-02-22 11:14:00,188,0.17,9,11,2016-11-04,2,8,"11/23/16",608.631,12,2435.979359,1811.598144,"",10,2015
"twn","safi",2015-10-22,2022-02-22 11:50:00,196,0.26,7,4,2016-11-01,2,9,"11/24/16",435.971,13,1140.913477,1668.437218,"",10,2015
"tws","blas",2015-10-23,2022-02-22 15:39:00,198,0.05,2,11,2016-11-04,2,9,"11/24/16",80.5903,13,1096.683286,1079.451376,"",10,2015
"tws","blas",2015-10-26,2022-02-22 09:48:00,201,0.16,8,4,2016-11-01,2,9,"11/24/16",790.03,13,3359.63469,2645.476474,"",10,2015
"tws","fris",2015-10-26,2022-02-22 10:12:00,202,0.24,3,4,2016-11-01,2,9,"11/24/16",2240.11,13,6350.772558,20003.15027,"",10,2015
"twn","davi",2015-10-27,2022-02-22 12:00:00,203,0.03,4,11,2016-11-04,2,9,"11/24/16",422.426,13,9580.713263,2829.052175,"",10,2015
"twn","safi",2015-10-27,2022-02-22 11:52:00,205,0.1,8,5,2016-11-01,2,9,"11/24/16",472.728,13,3216.472059,1582.96622,"",10,2015
"tws","tesl",2015-10-28,2022-02-22 12:03:00,207,0.16,8,5,2016-11-01,2,9,"11/24/16",651.149,13,2769.037592,2180.422718,"",10,2015
"gn","dext",2015-10-28,2022-02-22 12:18:00,210,0.18,10,5,2016-11-01,2,9,"11/24/16",572.175,13,2162.842175,1532.777744,"",10,2015
"gn","dean",2015-10-29,2022-02-22 12:34:00,213,0.12,7,5,2016-11-01,2,9,"11/24/16",711.257,13,4032.865741,2721.941713,"",10,2015
"tws","brav",2015-10-29,2022-02-22 11:36:00,215,0.08,8,5,2016-11-01,2,9,"11/24/16",394.141,13,3352.201249,1319.81158,"",10,2015
"tws","dubl",2015-11-03,2022-02-22 12:45:00,218,0.12,8,5,2016-11-01,2,9,"11/24/16",306.769,13,1739.396857,1027.23969,"",11,2015
"tws","peke",2015-11-03,2022-02-22 15:45:00,220,0.08,4,5,2016-11-01,2,9,"11/24/16",239.596,13,2037.783459,1604.611423,"",11,2015
"tws","tesl",2015-11-04,2022-02-22 12:00:00,222,0.2,8,5,2016-11-01,2,9,"11/24/16",516.847,13,1758.330302,1730.702099,"",11,2015
"gn","stel",2015-11-09,2022-02-22 11:30:00,224,0.18,8,5,2016-11-01,2,9,"11/24/16",600.707,13,2270.694166,2011.513786,"",11,2015
"twn","onyx",2015-11-13,2022-02-22 11:12:00,230,0.08,4,5,2016-11-01,2,9,"11/24/16",266.194,13,2264.001612,1782.742337,"",11,2015
"gn","dean",2015-11-18,2022-02-22 14:15:00,239,0.18,8,5,2016-11-01,2,9,"11/24/16",588.509,13,2224.585285,1970.66784,"",11,2015
"twn","ruki",2015-11-24,2022-02-22 10:38:00,249,0.32,7,5,2016-11-01,2,9,"11/24/16",687.078,13,1460.913563,2629.41,"",11,2015
"gn","renl",2015-11-24,2022-02-22 09:45:00,250,0.38,9,5,2016-11-01,2,9,"11/24/16",1427.73,13,2556.412574,4249.657046,"",11,2015
"tws","bike",2015-11-24,2022-02-22 08:30:00,253,0.34,8,5,2016-11-01,2,9,"11/24/16",2544.24,13,5091.521894,8519.584146,"",11,2015
"gn","spor",2015-11-26,2022-02-22 09:35:00,261,0.22,5,5,2016-11-01,2,9,"11/24/16",710.769,13,2198.235684,3808.103829,"",11,2015
"twn","pam",2015-11-26,2022-02-22 12:40:00,263,0.3,8,5,2016-11-01,2,9,"11/24/16",2563.78,13,5814.708623,8585.015346,"",11,2015
"tws","dame",2015-11-27,2022-02-22 11:00:00,265,0.28,8,5,2016-11-01,2,9,"11/24/16",3135.16,13,7618.511626,10498.32541,"",11,2015
"twn","king",2015-12-03,2022-02-22 09:51:00,269,0.06,4,5,2016-11-01,2,9,"11/24/16",197.271,13,2237.074524,1321.15436,"",12,2015
"gn","dean",2015-12-07,2022-02-22 08:46:00,285,0.16,5,6,2016-11-02,2,9,"11/24/16",203.258,13,864.3629075,1089.000179,"",12,2015
"tws","dubl",2015-12-07,2022-02-22 09:26:00,288,0.32,6,6,2016-11-02,2,9,"11/24/16",2315.07,13,4922.464642,10336.25427,"",12,2015
"tws","fris",2015-12-07,2022-02-22 08:30:00,289,0.36,10,6,2016-11-02,2,9,"11/24/16",849.891,13,1606.309345,2276.740524,"",12,2015
"tws","tesl",2015-12-18,2022-02-22 09:20:00,290,0.22,8,6,2016-11-02,2,9,"11/24/16",394.95,13,1221.484313,1322.520579,"",12,2015
"twn","king",2015-12-18,2022-02-22 09:52:00,292,0.26,9,6,2016-11-02,2,9,"11/24/16",530.795,13,1389.062963,1579.91827,"",12,2015
"gn","mend",2015-12-19,2022-02-22 09:20:00,298,0.2,7,6,2016-11-02,2,9,"11/24/16",3110.5,13,10582.02215,11903.7137,"",12,2015
"gn","pira",2015-12-19,2022-02-22 09:00:00,302,0.16,5,6,2016-11-02,2,9,"11/24/16",1342.12,13,5707.419858,7190.707967,"",12,2015
"gn","mayh",2015-12-28,2022-02-22 11:20:00,317,0.08,5,11,2016-11-04,2,9,"11/24/16",228.128,13,1940.247187,1222.246764,"",12,2015
"gn","dext",2015-12-30,2022-02-22 12:12:00,328,0.14,8,6,2016-11-02,2,9,"11/24/16",850.452,13,4133.23623,2847.804207,"",12,2015
"gn","spad",2015-12-31,2022-02-22 10:30:00,338,0.07,5,11,2016-11-04,2,9,"11/24/16",487.784,13,4741.305803,2613.411837,"",12,2015
"tws","bike",2016-01-11,2022-02-22 09:58:00,382,0.18,8,7,2016-11-03,2,9,"11/24/16",747.068,13,2823.944034,2501.614898,"",1,2016
"gn","mole",2016-01-20,2022-02-22 09:44:00,398,0.14,8,7,2016-11-03,2,9,"11/24/16",548.821,13,2667.295557,1837.769507,"",1,2016
"gn","stel",2016-01-20,2022-02-22 08:35:00,399,0.14,8,7,2016-11-03,2,9,"11/24/16",546.242,13,2654.761497,1829.133526,"",1,2016
"tws","tatu",2016-01-25,2022-02-22 11:06:00,412,0.06,6,7,2016-11-03,2,9,"11/24/16",426.287,13,4834.14079,1903.273259,"",1,2016
"gn","stre",2016-02-15,2022-02-22 14:20:00,485,0.04,5,8,2016-11-03,2,9,"11/24/16",2305.64,13,39219.3113,12352.98179,"",2,2016
"gn","renl",2016-02-16,2022-02-22 09:04:00,486,0.1,7,9,2016-11-04,2,9,"11/24/16",5447.82,13,37067.32161,20848.50976,"",2,2016
"gn","mayh",2016-02-18,2022-02-22 09:14:00,496,0.18,10,9,2016-11-04,2,9,"11/24/16",1358.4,13,5134.801084,3638.965854,"",2,2016
"tws","bike",2016-03-08,2022-02-22 09:28:00,521,0.24,9,9,2016-11-04,2,9,"11/24/16",1659.79,13,4705.549631,4940.386676,"",3,2016
"tws","tesl",2016-03-10,2022-02-22 15:30:00,524,0.14,7,9,2016-11-04,2,9,"11/24/16",765.851,13,3722.07144,2930.869971,"",3,2016
"tws","bong",2016-03-10,2022-02-22 15:05:00,525,0.02,3,9,2016-11-04,2,9,"11/24/16",106.565,13,3625.375955,951.576355,"",3,2016
"twn","kabu",2016-03-12,2022-02-22 11:20:00,541,0.16,10,9,2016-11-04,2,9,"11/24/16",796.831,13,3388.556219,2134.600118,"",3,2016
"twn","pam",2016-03-12,2022-02-22 11:55:00,542,0.14,9,9,2016-11-04,2,9,"11/24/16",637.459,13,3098.080355,1897.405063,"",3,2016
"gn","mend",2016-03-12,2022-02-22 10:00:00,543,0.1,3,9,2016-11-04,2,9,"11/24/16",416.4,13,2833.212683,3718.260163,"",3,2016
"gn","ropa",2016-03-16,2022-02-22 15:20:00,569,0.18,6,10,2016-11-04,2,9,"11/24/16",837.668,13,3166.415308,3739.994661,"",3,2016
"gn","pira",2016-03-23,2022-02-22 10:20:00,599,0.14,7,10,2016-11-04,2,9,"11/24/16",3277.73,13,15929.92008,12543.69379,"",3,2016
"tws","bike",2016-03-25,2022-02-22 11:00:00,613,0.16,6,10,2016-11-04,2,9,"11/24/16",480.604,13,2043.788047,2145.786152,"",3,2016
"tws","dubl",2016-03-29,2022-02-22 09:50:00,616,0.26,19,10,2016-11-04,5,9,"11/24/16",4604.39,13,12049.44963,6491.854964,"",3,2016
