"subj","month","year","avg_neo_sg","avg_cr_resid","avg_stdsg_CP","med_neo_sg","med_cr_resid","med_stdsg_CP","weaning","sex","mum","avg_fgc","month_name","pl","gmd","gm","r","f","m","sl","n_agg_g","n_agg_r","n_obs","mrank","group","fai","fai_cat","avg_rain"
"allo",1,2016,NA,0.259936752904501,6833.972437,NA,0.259936752904501,6833.972437,3.394934976,"M","ambe",1061.3,"jan",0.0598006644518272,0.00996677740863787,0.00332225913621262,0.398671096345515,0.222591362126246,0.209302325581395,0.026578073089701,0,0,301,0.636,"twn",187602350.308333,"hi",2.85483870967742
"allo",2,2016,341.922264808362,-0.145883602225283,8346.1677095,341.922264808362,-0.145883602225283,8346.1677095,3.394934976,"M","ambe",1323.05,"feb",0.0166666666666667,0,0,0.397222222222222,0.244444444444444,0.225,0,2,0,360,0.636,"twn",572666.5375,"low",1.33448275862069
"allo",3,2016,304.822507852919,-0.000508130575179691,5270.419319,304.822507852919,-0.000508130575179691,5270.419319,3.394934976,"M","ambe",706.8,"mar",0.226666666666667,0,0,0.353333333333333,0.2,0.16,0,1,1,300,0.636,"twn",106302595.085417,"med",2.5
"allo",8,2015,435.080640243903,0.163637981426471,6193.235455,435.080640243903,0.163637981426471,6193.235455,3.394934976,"M","ambe",1453.35,"aug",0.0444444444444444,0.0555555555555556,0,0.238888888888889,0.372222222222222,0.15,0,0,0,180,0.636,"twn",521089.197916667,"low",8.24193548387097
"allo",9,2015,182.912682926829,-0.375350126052557,3378.285813,182.912682926829,-0.375350126052557,3378.285813,3.394934976,"M","ambe",1296.75,"sep",0.0838926174496644,0.00671140939597315,0,0.231543624161074,0.432885906040268,0.134228187919463,0,0,1,298,0.636,"twn",6504451.17291667,"low",7.55
"allo",10,2015,404.213436796894,-0.0198286005692759,1259.882625025,341.593147502904,-0.00995269218245097,1235.04117805,3.394934976,"M","ambe",918.95,"oct",0,0.0133333333333333,0,0.25,0.313333333333333,0.216666666666667,0,0,0,300,0.636,"twn",5597218.68541667,"low",7.49032258064516
"allo",11,2015,915.170623306233,-0.343444433208779,16939.69322,915.170623306233,-0.343444433208779,16939.69322,3.394934976,"M","ambe",1070.7,"nov",0.0333333333333333,0.02,0,0.313333333333333,0.276666666666667,0.206666666666667,0,4,1,300,0.636,"twn",119557042.557833,"med",9.96
"allo",12,2015,354.593281068525,0.0606217364278897,9113.5898015,354.593281068525,0.100678942325841,6792.904646,3.394934976,"M","ambe",403.25,"dec",0.0133333333333333,0.06,0,0.296666666666667,0.373333333333333,0.173333333333333,0,0,0,300,0.636,"twn",188108038.364583,"hi",5.9
"amos",1,2016,960.384090723914,0.0641460447287447,17102.3543566667,1094.42219512195,0.00623872473442461,18554.74223,2.650239562,"M","ambe",620.2,"jan",0.0299003322259136,0.00664451827242525,0.0232558139534884,0.408637873754153,0.27906976744186,0.18936877076412,0,0,0,301,0.636,"twn",187602350.308333,"hi",2.85483870967742
"amos",2,2016,435.003014135255,-0.17050813057518,7191.134302,435.003014135255,-0.17050813057518,7191.134302,2.650239562,"M","ambe",2244.9,"feb",0.00277777777777778,0,0,0.45,0.316666666666667,0.144444444444444,0,3,2,360,0.636,"twn",572666.5375,"low",1.33448275862069
"amos",3,2016,298.49508660304,-0.115720804257452,2808.1373405,298.49508660304,-0.115720804257452,2808.1373405,2.650239562,"M","ambe",1007.93333333333,"mar",0.0392857142857143,0.0357142857142857,0.0285714285714286,0.371428571428571,0.235714285714286,0.214285714285714,0,3,2,280,0.636,"twn",106302595.085417,"med",2.5
"amos",9,2015,564.801794728127,-0.081769245977562,3295.8585722,630.757530199796,-0.0907758569992987,2696.29931,2.650239562,"M","ambe",1096.63333333333,"sep",0.0433333333333333,0.00666666666666667,0.00666666666666667,0.34,0.356666666666667,0.17,0,0,0,300,0.636,"twn",6504451.17291667,"low",7.55
"amos",10,2015,515.822945830608,-0.132910831536198,5003.46331966667,510.001707317073,-0.143444433208779,3696.829268,2.650239562,"M","ambe",845.7,"oct",0.06,0.0266666666666667,0.01,0.333333333333333,0.263333333333333,0.203333333333333,0,1,2,300,0.636,"twn",5597218.68541667,"low",7.49032258064516
"amos",11,2015,473.673790166473,0.450055678114217,9687.236218,473.673790166473,0.450055678114217,9687.236218,2.650239562,"M","ambe",587.766666666667,"nov",0.0133333333333333,0.0366666666666667,0.0166666666666667,0.373333333333333,0.27,0.173333333333333,0,0,2,300,0.636,"twn",119557042.557833,"med",9.96
"amos",12,2015,482.828307464893,0.212447357514937,4499.0829245,482.828307464893,0.212447357514937,4499.0829245,2.650239562,"M","ambe",1135.25,"dec",0.110367892976589,0,0.0133779264214047,0.301003344481605,0.331103678929766,0.180602006688963,0,0,0,299,0.636,"twn",188108038.364583,"hi",5.9
"atom",1,2016,745.158810518346,-0.0316668759655693,18163.335125,745.158810518346,-0.0316668759655693,18163.335125,2.795345654,"F","arte",1018.45,"jan",0,0.03,0.0866666666666667,0.386666666666667,0.26,0.14,0,1,2,300,0.556,"tws",238110609.245833,"hi",2.85483870967742
"atom",2,2016,456.843030403645,0.173509092826771,11324.577475,456.843030403645,0.173509092826771,11324.577475,2.795345654,"F","arte",1079.4,"feb",0.00277777777777778,0.00833333333333333,0.0805555555555556,0.297222222222222,0.375,0.155555555555556,0,5,8,360,0.556,"tws",3108847.49027778,"low",1.33448275862069
"atom",3,2016,481.206850779665,-0.0495366930598478,5320.808605,555.396933797909,-0.0435082985940165,4098.3443795,2.795345654,"F","arte",680.85,"mar",0.03,0.0133333333333333,0.0433333333333333,0.403333333333333,0.223333333333333,0.166666666666667,0,2,1,300,0.556,"tws",108977575.177778,"med",2.5
"atom",8,2015,541.101120632828,-0.0153581127670279,4905.65479,541.101120632828,-0.0153581127670279,4905.65479,2.795345654,"F","arte",787.9,"aug",0,0.00555555555555556,0.0777777777777778,0.338888888888889,0.372222222222222,0.116666666666667,0,2,1,180,0.556,"tws",7755239.42916667,"low",8.24193548387097
"atom",9,2015,820.042299988217,0.265909942612132,17480.623945,820.042299988217,0.265909942612132,17480.623945,2.795345654,"F","arte",925.8,"sep",0,0.04,0.0233333333333333,0.413333333333333,0.296666666666667,0.173333333333333,0,0,4,300,0.556,"tws",13291529.0777778,"low",7.55
"atom",10,2015,856.961303505663,0.084204568410371,12897.8225033333,821.517615176152,0.113637981426471,13538.55535,2.795345654,"F","arte",884.9,"oct",0,0.05625,0.04375,0.384375,0.284375,0.140625,0,0,3,320,0.556,"tws",8685715.30416667,"low",7.49032258064516
"atom",11,2015,567.671419637273,0.265668153006938,1818.720482,567.671419637273,0.265668153006938,1818.720482,2.795345654,"F","arte",559.9,"nov",0,0.0132890365448505,0.0631229235880399,0.332225913621262,0.285714285714286,0.186046511627907,0,3,1,301,0.556,"tws",131187483.281444,"med",9.96
"atom",12,2015,356.308461306835,0.136542793714173,4383.040912,356.308461306835,0.136542793714173,4383.040912,2.795345654,"F","arte",511.65,"dec",0.00666666666666667,0.00333333333333333,0,0.31,0.39,0.186666666666667,0,1,6,300,0.556,"tws",237582652.334722,"hi",5.9
"bike",1,2016,1240.74832317073,0.022451073201655,12494.2872826667,508.983739837398,0.013637981426471,16502.45833,2.264202601,"M","bif",498.833333333333,"jan",0.0433333333333333,0,0,0.33,0.39,0.16,0,3,3,300,0.261,"tws",238110609.245833,"hi",2.85483870967742
"bike",2,2016,582.38187398374,0.208475983546613,23364.476655,582.38187398374,0.208475983546613,23364.476655,2.264202601,"M","bif",905.2,"feb",0,0.0194986072423398,0.011142061281337,0.309192200557103,0.506963788300836,0.100278551532033,0,0,2,359,0.261,"tws",3108847.49027778,"low",1.33448275862069
"bike",3,2016,495.974436392915,-0.074102797541337,2575.3462055,557.158604336043,-0.0485010861265732,1886.5798735,2.264202601,"M","bif",813.15,"mar",0.0733333333333333,0.0366666666666667,0.02,0.513333333333333,0.156666666666667,0.14,0.0166666666666667,2,0,300,0.261,"tws",108977575.177778,"med",2.5
"bike",8,2015,371.940824622532,-0.0128036095575312,1201.473339,371.940824622532,-0.0128036095575312,1201.473339,2.264202601,"M","bif",994.15,"aug",0.0222222222222222,0.0222222222222222,0.0333333333333333,0.377777777777778,0.338888888888889,0.138888888888889,0,2,0,180,0.261,"tws",7755239.42916667,"low",8.24193548387097
"bike",9,2015,266.277020335281,-0.0735130720361202,5992.24753975,250.836011477762,-0.0953920221351593,4614.033508,2.264202601,"M","bif",925.6,"sep",0.00666666666666667,0.0166666666666667,0.01,0.416666666666667,0.333333333333333,0.166666666666667,0,1,2,300,0.261,"tws",13291529.0777778,"low",7.55
"bike",10,2015,622.573330062611,0.0461059957780122,9328.851423,542.460274740678,-0.0499698680398774,11761.79383,2.264202601,"M","bif",656.8,"oct",0,0.00940438871473354,0,0.38871473354232,0.326018808777429,0.181818181818182,0,0,0,319,0.261,"tws",8685715.30416667,"low",7.49032258064516
"bike",11,2015,584.728556910569,0.123659560064277,8519.584146,584.728556910569,0.123659560064277,8519.584146,2.264202601,"M","bif",441.45,"nov",0,0.00333333333333333,0.00333333333333333,0.32,0.4,0.16,0,1,3,300,0.261,"tws",131187483.281444,"med",9.96
"bike",12,2015,4069.40536585366,0.6201749798235,12722.022819,4069.40536585366,0.6201749798235,12722.022819,2.264202601,"M","bif",973.95,"dec",0.0166666666666667,0.0433333333333333,0.01,0.366666666666667,0.29,0.176666666666667,0,1,1,300,0.261,"tws",237582652.334722,"hi",5.9
"blas",1,2016,657.702680281078,-0.244426826224631,19271.115778,657.702680281078,-0.244426826224631,19271.115778,1.817932923,"M","blaz",794.95,"jan",0.0833333333333333,0.0133333333333333,0.00666666666666667,0.303333333333333,0.326666666666667,0.153333333333333,0,0,0,300,0.13,"tws",238110609.245833,"hi",2.85483870967742
"blas",2,2016,239.112767923134,-0.157063079076662,8947.5444945,239.112767923134,-0.157063079076662,8947.5444945,1.817932923,"M","blaz",922.6,"feb",0.0696378830083565,0.0250696378830084,0,0.33983286908078,0.317548746518106,0.178272980501393,0,2,2,359,0.13,"tws",3108847.49027778,"low",1.33448275862069
"blas",3,2016,385.994895089102,-0.0488103226902192,2812.87374366667,503.425101626016,-0.0474536840615233,2125.810772,1.817932923,"M","blaz",1038.85,"mar",0.184563758389262,0,0,0.385906040268456,0.184563758389262,0.151006711409396,0.0402684563758389,0,0,298,0.13,"tws",108977575.177778,"med",2.5
"blas",8,2015,131.689150546678,0.110030131960122,4827.281231,131.689150546678,0.110030131960122,4827.281231,1.817932923,"M","blaz",810.25,"aug",0,0,0,0.411111111111111,0.311111111111111,0.205555555555556,0,0,2,180,0.13,"tws",7755239.42916667,"low",8.24193548387097
"blas",10,2015,144.708765243902,-0.0413583900401774,1862.463925,144.708765243902,-0.0413583900401774,1862.463925,1.817932923,"M","blaz",1105.7,"oct",0.015625,0,0,0.2625,0.378125,0.209375,0,0,0,320,0.13,"tws",8685715.30416667,"low",7.49032258064516
"blas",11,2015,739.534141129873,0.241532797400612,9308.1016765,739.534141129873,0.241532797400612,9308.1016765,1.817932923,"M","blaz",244.25,"nov",0.0433333333333333,0.0233333333333333,0,0.396666666666667,0.253333333333333,0.183333333333333,0,0,0,300,0.13,"tws",131187483.281444,"med",9.96
"blas",12,2015,992.312594367015,0.543594485167922,20737.39001,992.312594367015,0.543594485167922,20737.39001,1.817932923,"M","blaz",655.45,"dec",0,0,0,0.31,0.34,0.23,0,0,0,300,0.13,"tws",237582652.334722,"hi",5.9
"bong",1,2016,308.767292133066,-0.274419632515501,2604.773304,308.767292133066,-0.274419632515501,2604.773304,1.971252567,"M","bonn",822.7,"jan",0.0733333333333333,0,0,0.353333333333333,0.303333333333333,0.19,0,2,2,300,0.696,"tws",238110609.245833,"hi",2.85483870967742
"bong",2,2016,435.938707689038,-0.259025808420433,2844.338058,435.938707689038,-0.259025808420433,2844.338058,1.971252567,"M","bonn",1230.45,"feb",0.0166204986149584,0.0166204986149584,0.00554016620498615,0.365650969529086,0.315789473684211,0.155124653739612,0,2,3,361,0.696,"tws",3108847.49027778,"low",1.33448275862069
"bong",3,2016,472.908401084011,-0.00240620152837105,3991.7340005,472.908401084011,-0.00240620152837105,3991.7340005,1.971252567,"M","bonn",968.9,"mar",0.123333333333333,0.0133333333333333,0.00666666666666667,0.34,0.206666666666667,0.18,0,0,0,300,0.696,"tws",108977575.177778,"med",2.5
"bong",8,2015,345.553327311051,-0.21946072851013,1872.990711,345.553327311051,-0.21946072851013,1872.990711,1.971252567,"M","bonn",1204.4,"aug",0.00555555555555556,0,0.00555555555555556,0.411111111111111,0.183333333333333,0.227777777777778,0,0,1,180,0.696,"tws",7755239.42916667,"low",8.24193548387097
"bong",9,2015,305.316209903917,-0.0197530645259891,4228.86355866667,305.316209903917,0.0107132423588019,3782.499268,1.971252567,"M","bonn",1375.9,"sep",0.03,0.02,0,0.276666666666667,0.313333333333333,0.236666666666667,0,3,2,300,0.696,"tws",13291529.0777778,"low",7.55
"bong",10,2015,347.926742160279,-0.126062333615845,1626.80962,347.926742160279,-0.126062333615845,1626.80962,1.971252567,"M","bonn",806.133333333333,"oct",0.04375,0.003125,0,0.359375,0.303125,0.18125,0,0,0,320,0.696,"tws",8685715.30416667,"low",7.49032258064516
"bong",11,2015,1677.77113821138,0.0689460366808232,4214.348836,1677.77113821138,0.0689460366808232,4214.348836,1.971252567,"M","bonn",382.05,"nov",0.00333333333333333,0.0466666666666667,0,0.403333333333333,0.213333333333333,0.226666666666667,0,1,1,300,0.696,"tws",131187483.281444,"med",9.96
"bong",12,2015,944.335549179021,0.226353656586906,2522.425452,944.335549179021,0.226353656586906,2522.425452,1.971252567,"M","bonn",793.55,"dec",0.03,0,0,0.296666666666667,0.406666666666667,0.17,0,1,0,300,0.696,"tws",237582652.334722,"hi",5.9
"boyd",1,2016,832.918386322075,-0.0848386075067853,19470.84289,832.918386322075,-0.0848386075067853,19470.84289,2.740588638,"F","buai",829.15,"jan",0.040133779264214,0.020066889632107,0,0.374581939799331,0.25752508361204,0.217391304347826,0,0,1,299,0.217,"tws",238110609.245833,"hi",2.85483870967742
"boyd",2,2016,373.311926789219,-0.046739083316947,5256.112766,373.311926789219,-0.046739083316947,5256.112766,2.740588638,"F","buai",947.5,"feb",0.0277777777777778,0.025,0.0194444444444444,0.319444444444444,0.327777777777778,0.169444444444444,0,2,1,360,0.217,"tws",3108847.49027778,"low",1.33448275862069
"boyd",3,2016,501.176771196283,-0.177099373012433,4986.39958133333,554.12256097561,-0.187651600908603,3022.330139,2.740588638,"F","buai",1109.95,"mar",0.0333333333333333,0.00666666666666667,0.04,0.416666666666667,0.19,0.21,0,2,4,300,0.217,"tws",108977575.177778,"med",2.5
"boyd",8,2015,295.899419279907,-0.16350829859401,3047.725749,295.899419279907,-0.16350829859401,3047.725749,2.740588638,"F","buai",NA,"aug",0,0.0888888888888889,0.0333333333333333,0.433333333333333,0.205555555555556,0.127777777777778,0,0,2,180,0.217,"tws",7755239.42916667,"low",8.24193548387097
"boyd",9,2015,136.41974036192,-0.143082151141499,2612.337297,136.41974036192,-0.143082151141499,2612.337297,2.740588638,"F","buai",499.966666666667,"sep",0.0133333333333333,0.0333333333333333,0.0233333333333333,0.35,0.273333333333333,0.19,0,1,6,300,0.217,"tws",13291529.0777778,"low",7.55
"boyd",10,2015,391.250217397778,0.0199774614250377,3783.47934566667,391.250217397778,0.0456681530069381,3227.953447,2.740588638,"F","buai",613.866666666667,"oct",0,0.046875,0.01875,0.278125,0.378125,0.203125,0,2,2,320,0.217,"tws",8685715.30416667,"low",7.49032258064516
"boyd",11,2015,496.259146341463,-0.0243254604545382,3681.693699,496.259146341463,-0.0243254604545382,3681.693699,2.740588638,"F","buai",1322.8,"nov",0,0.00333333333333333,0.0333333333333333,0.403333333333333,0.29,0.18,0,2,2,300,0.217,"tws",131187483.281444,"med",9.96
"boyd",12,2015,834.901718931475,0.168585321865912,3919.385279,834.901718931475,0.168585321865912,3919.385279,2.740588638,"F","buai",478.15,"dec",0.0233333333333333,0.0133333333333333,0.0133333333333333,0.44,0.266666666666667,0.153333333333333,0,1,0,300,0.217,"tws",237582652.334722,"hi",5.9
"brav",1,2016,343.512507817386,0.00566815300693815,6735.657958,343.512507817386,0.00566815300693815,6735.657958,3.370294319,"M","bow",808.2,"jan",0.12,0.0133333333333333,0.00333333333333333,0.42,0.153333333333333,0.183333333333333,0.0133333333333333,0,0,300,0.826,"tws",238110609.245833,"hi",2.85483870967742
"brav",2,2016,675.073170731707,-0.106232351133752,7229.6730405,675.073170731707,-0.106232351133752,7229.6730405,3.370294319,"M","bow",1002.85,"feb",0.0526315789473684,0.00263157894736842,0,0.386842105263158,0.278947368421053,0.176315789473684,0.0157894736842105,0,2,380,0.826,"tws",3108847.49027778,"low",1.33448275862069
"brav",3,2016,731.495953026197,0.00857613897572773,5412.83173266667,609.673224932249,-0.115350126052557,2680.151611,3.370294319,"M","bow",862.433333333333,"mar",0.0866666666666667,0.00333333333333333,0,0.336666666666667,0.216666666666667,0.23,0,3,0,300,0.826,"tws",108977575.177778,"med",2.5
"brav",9,2015,1212.14668989547,0.223550988909373,3767.589489,1212.14668989547,0.223550988909373,3767.589489,3.370294319,"M","bow",1513.8,"sep",0.01,0.0133333333333333,0.01,0.303333333333333,0.356666666666667,0.21,0,0,2,300,0.826,"tws",13291529.0777778,"low",7.55
"brav",10,2015,432.173466371027,-0.0291189003620276,4673.098945,432.173466371027,-0.136340439935724,4074.220011,3.370294319,"M","bow",675.7,"oct",0.009375,0.021875,0.0125,0.3125,0.31875,0.2125,0,1,0,320,0.826,"tws",8685715.30416667,"low",7.49032258064516
"brav",11,2015,781.284682926829,0.530713242358802,18491.96862,781.284682926829,0.530713242358802,18491.96862,3.370294319,"M","bow",1300.5,"nov",0.0166666666666667,0.00666666666666667,0,0.33,0.32,0.21,0,0,0,300,0.826,"tws",131187483.281444,"med",9.96
"brav",12,2015,519.376143735668,0.13896051265476,5371.20125733333,524.371121951219,0.132348399091397,6329.841307,3.370294319,"M","bow",695,"dec",0.079734219269103,0.00332225913621262,0.00332225913621262,0.352159468438538,0.3421926910299,0.146179401993355,0,0,0,301,0.826,"tws",237582652.334722,"hi",5.9
"brog",1,2016,538.246030098599,-0.0230418623174762,20002.6843895,538.246030098599,-0.0230418623174762,20002.6843895,2.516084873,"F","bow",1172.45,"jan",0.0366666666666667,0.00666666666666667,0.02,0.373333333333333,0.263333333333333,0.206666666666667,0,1,0,300,0.826,"tws",238110609.245833,"hi",2.85483870967742
"brog",2,2016,1204.37150505386,0.272557717890236,14268.1178746667,1239.5093495935,0.33060869040208,16628.51366,2.516084873,"F","bow",1007,"feb",0,0,0.0166666666666667,0.3,0.397222222222222,0.15,0,1,1,360,0.826,"tws",3108847.49027778,"low",1.33448275862069
"brog",3,2016,936.909195074407,0.003524407363875,6458.930812,613.99512195122,0.0192241430007013,5727.518123,2.516084873,"F","bow",1341.2,"mar",0.0233333333333333,0.03,0.103333333333333,0.483333333333333,0.126666666666667,0.143333333333333,0,0,1,300,0.826,"tws",108977575.177778,"med",2.5
"brog",8,2015,606.20206947524,-0.0118986880155162,3186.605033,606.20206947524,-0.0118986880155162,3186.605033,2.516084873,"F","bow",1630.7,"aug",0,0,0.05,0.505,0.135,0.205,0,0,2,200,0.826,"tws",7755239.42916667,"low",8.24193548387097
"brog",9,2015,1419.85978000956,0.892308465519044,28919.52112,1419.85978000956,0.892308465519044,28919.52112,2.516084873,"F","bow",982.533333333333,"sep",0,0.00333333333333333,0.0166666666666667,0.423333333333333,0.263333333333333,0.21,0,2,0,300,0.826,"tws",13291529.0777778,"low",7.55
"brog",10,2015,789.628476335656,0.313089143662995,4088.6255215,773.798157181572,0.272077855897582,2301.2940785,2.516084873,"F","bow",1249.73333333333,"oct",0,0,0.08,0.29,0.336666666666667,0.18,0,1,0,300,0.826,"tws",8685715.30416667,"low",7.49032258064516
"brog",12,2015,2683.14796747967,1.03046026568724,14104.2408,2683.14796747967,1.03046026568724,14104.2408,2.516084873,"F","bow",605.9,"dec",0.0233333333333333,0.00333333333333333,0.06,0.376666666666667,0.24,0.216666666666667,0,2,0,300,0.826,"tws",237582652.334722,"hi",5.9
"burn",1,2016,884.680826850294,-0.143189494026972,18812.16402,884.680826850294,-0.143189494026972,18812.16402,2.247775496,"F","blaz",521.8,"jan",0.00333333333333333,0.0633333333333333,0.123333333333333,0.33,0.316666666666667,0.11,0,1,2,300,0.13,"tws",238110609.245833,"hi",2.85483870967742
"burn",2,2016,482.27335017323,0.42920498338513,11690.120545,482.27335017323,0.42920498338513,11690.120545,2.247775496,"F","blaz",685.55,"feb",0.00833333333333333,0.0388888888888889,0.0666666666666667,0.283333333333333,0.388888888888889,0.133333333333333,0,0,3,360,0.13,"tws",3108847.49027778,"low",1.33448275862069
"burn",3,2016,887.28782956453,-0.0575538519961803,27001.1551995,887.28782956453,-0.0575538519961803,27001.1551995,2.247775496,"F","blaz",917.15,"mar",0.0166666666666667,0,0.0433333333333333,0.423333333333333,0.213333333333333,0.21,0,0,6,300,0.13,"tws",108977575.177778,"med",2.5
"burn",8,2015,498.529035230352,-0.0344789633677331,8920.425958,498.529035230352,-0.140551640998993,8414.679919,2.247775496,"F","blaz",807.633333333333,"aug",0,0,0.05,0.327777777777778,0.355555555555556,0.2,0,0,1,180,0.13,"tws",7755239.42916667,"low",8.24193548387097
"burn",9,2015,212.192213168127,-0.135428331767211,2276.0094035,212.192213168127,-0.135428331767211,2276.0094035,2.247775496,"F","blaz",699.35,"sep",0,0,0.02,0.3,0.37,0.213333333333333,0,2,2,300,0.13,"tws",13291529.0777778,"low",7.55
"burn",10,2015,388.720193677342,0.112381632340393,8518.68992166667,406.857285803627,0.162290920244683,6895.965411,2.247775496,"F","blaz",929.65,"oct",0,0.0125,0.040625,0.28125,0.3625,0.209375,0,0,1,320,0.13,"tws",8685715.30416667,"low",7.49032258064516
"burn",11,2015,637.063098464318,0.51060869040208,5758.905454,637.063098464318,0.51060869040208,5758.905454,2.247775496,"F","blaz",1031.2,"nov",0,0,0.0166666666666667,0.336666666666667,0.373333333333333,0.15,0,0,3,300,0.13,"tws",131187483.281444,"med",9.96
"burn",12,2015,676.82015495796,0.431532797400612,11535.7538425,676.82015495796,0.431532797400612,11535.7538425,2.247775496,"F","blaz",864.55,"dec",0,0.00666666666666667,0.0333333333333333,0.45,0.183333333333333,0.236666666666667,0,0,0,300,0.13,"tws",237582652.334722,"hi",5.9
"dais",1,2016,510.090873025334,0.241146757604967,19795.4545166667,432.178179910831,0.156368406339466,12083.18875,1.98220397,"F","daff",789.533333333333,"jan",0.00333333333333333,0.0366666666666667,0.0466666666666667,0.373333333333333,0.28,0.196666666666667,0,0,2,300,0,"gn",224542994.659615,"hi",2.85483870967742
"dais",2,2016,555.164703549475,-0.144675002368349,17643.614905,555.164703549475,-0.144675002368349,17643.614905,1.98220397,"F","daff",966.65,"feb",0,0.0222222222222222,0.0277777777777778,0.375,0.338888888888889,0.172222222222222,0,2,3,360,0,"gn",1746739.10288462,"low",1.33448275862069
"dais",3,2016,1195.96076492252,0.305640222285203,7200.48489366667,1027.77623514697,0.0707132423588019,3163.239687,1.98220397,"F","daff",562.833333333333,"mar",0,0.02,0.05,0.383333333333333,0.236666666666667,0.176666666666667,0,0,3,300,0,"gn",40715871.9509615,"low",2.5
"dais",10,2015,421.478644812059,0.00979312399575029,3015.88770066667,333.913743708866,-0.00994432188578253,2005.149769,1.98220397,"F","daff",1029.5,"oct",0,0.01875,0.03125,0.29375,0.390625,0.178125,0,1,2,320,0,"gn",6099094.65192308,"low",7.49032258064516
"dais",11,2015,3866.37145438121,0.103682687196137,2015.650023,3866.37145438121,0.103682687196137,2015.650023,1.98220397,"F","daff",990.3,"nov",0,0.00666666666666667,0.01,0.433333333333333,0.32,0.15,0,0,0,300,0,"gn",117032983.428846,"med",9.96
"dais",12,2015,1901.12304987915,0.664641887232972,25047.43013,1901.12304987915,0.664641887232972,25047.43013,1.98220397,"F","daff",1754.1,"dec",0,0.0733333333333333,0.0866666666666667,0.366666666666667,0.23,0.163333333333333,0,0,0,300,0,"gn",206628053.235577,"hi",5.9
"dame",1,2016,314.787782641929,-0.121148287550802,7662.89513666667,298.960975609756,-0.235350126052557,8175.421843,1.869952088,"F","dixi",928.25,"jan",0.07,0.0133333333333333,0.0166666666666667,0.383333333333333,0.24,0.176666666666667,0,5,0,300,0.957,"tws",238110609.245833,"hi",2.85483870967742
"dame",2,2016,1054.55027761253,0.0876316753560496,3423.9216235,1054.55027761253,0.0876316753560496,3423.9216235,1.869952088,"F","dixi",1607.25,"feb",0.0194444444444444,0,0.0138888888888889,0.363888888888889,0.355555555555556,0.15,0.0277777777777778,4,2,360,0.957,"tws",3108847.49027778,"low",1.33448275862069
"dame",3,2016,613.338018655295,-0.112180375078748,7934.57361,459.861874197689,-0.156317312803863,6170.371183,1.869952088,"F","dixi",859.933333333333,"mar",0.0133333333333333,0,0.04,0.536666666666667,0.15,0.19,0,1,2,300,0.957,"tws",108977575.177778,"med",2.5
"dame",8,2015,375.211123429416,-0.209471915576494,1169.091814,375.211123429416,-0.209471915576494,1169.091814,1.869952088,"F","dixi",1118,"aug",0.0388888888888889,0.00555555555555556,0.0222222222222222,0.355555555555556,0.25,0.261111111111111,0,0,0,180,0.957,"tws",7755239.42916667,"low",8.24193548387097
"dame",9,2015,160.768913730804,-0.062819185239011,5715.2038635,160.768913730804,-0.062819185239011,5715.2038635,1.869952088,"F","dixi",1066.63333333333,"sep",0,0.0666666666666667,0.06,0.33,0.253333333333333,0.2,0,4,5,300,0.957,"tws",13291529.0777778,"low",7.55
"dame",10,2015,453.219146537218,-0.124171715985142,3304.97190733333,548.770661010958,0.0522909202446834,3441.918098,1.869952088,"F","dixi",347.1,"oct",0,0.053125,0.034375,0.21875,0.353125,0.19375,0,0,0,320,0.957,"tws",8685715.30416667,"low",7.49032258064516
"dame",11,2015,1020.51239837398,0.0636595600642766,10498.32541,1020.51239837398,0.0636595600642766,10498.32541,1.869952088,"F","dixi",1406.35,"nov",0,0.0833333333333333,0.0433333333333333,0.3,0.29,0.166666666666667,0,0,1,300,0.957,"tws",131187483.281444,"med",9.96
"dame",12,2015,2897.25599593496,0.695953438870681,9814.9348845,2897.25599593496,0.695953438870681,9814.9348845,1.869952088,"F","dixi",1045.45,"dec",0.00666666666666667,0.00666666666666667,0.0166666666666667,0.383333333333333,0.343333333333333,0.176666666666667,0,0,1,300,0.957,"tws",237582652.334722,"hi",5.9
"dann",8,2015,234.084896115628,-0.421449804095968,7930.720364,234.084896115628,-0.421449804095968,7930.720364,1.552361396,"M","daff",1153.45,"aug",0,0,0,0.366666666666667,0.266666666666667,0.266666666666667,0,0,2,180,0,"gn",44096.4490384615,"low",8.24193548387097
"dann",9,2015,282.104752970607,-0.134331846993062,3816.265291,282.104752970607,-0.134331846993062,3816.265291,1.552361396,"M","daff",749.8,"sep",0,0.0125,0.003125,0.3875,0.3,0.240625,0,0,5,320,0,"gn",7298089.98653846,"low",7.55
"dann",10,2015,266.024286724234,-0.179384506553621,4055.723121,266.024286724234,-0.179384506553621,4055.723121,1.552361396,"M","daff",805.766666666667,"oct",0.0155763239875389,0.0155763239875389,0.0186915887850467,0.370716510903427,0.227414330218069,0.289719626168224,0,0,6,321,0,"gn",6099094.65192308,"low",7.49032258064516
"dann",11,2015,5425.1237398374,0.0546818066400614,6295.030528,5425.1237398374,0.0546818066400614,6295.030528,1.552361396,"M","daff",427.8,"nov",0.02,0.02,0,0.416666666666667,0.296666666666667,0.163333333333333,0,0,4,300,0,"gn",117032983.428846,"med",9.96
"dann",12,2015,404.791774270684,-0.0719425607736309,1905.742276,404.791774270684,-0.0719425607736309,1905.742276,1.552361396,"M","daff",NA,"dec",0.06875,0,0,0.3375,0.34375,0.19375,0,0,4,160,0,"gn",206628053.235577,"hi",5.9
"davi",1,2016,943.366330519074,-0.343609920085574,18029.8235923333,1006.7162601626,-0.40939130959792,15522.71615,1.349760438,"F","didg",1163.63333333333,"jan",0.01,0.03,0.02,0.4,0.306666666666667,0.183333333333333,0,1,0,300,1,"twn",187602350.308333,"hi",2.85483870967742
"davi",2,2016,299.596841729159,-0.118005140071543,10653.5549273333,278.630586684245,-0.194331846993062,4983.575881,1.349760438,"F","didg",1322.2,"feb",0,0.0305555555555556,0.0583333333333333,0.333333333333333,0.297222222222222,0.186111111111111,0,0,0,360,1,"twn",572666.5375,"low",1.33448275862069
"davi",3,2016,450.651028304727,-0.0723894609350342,7897.164006,450.651028304727,-0.0723894609350342,7897.164006,1.349760438,"F","didg",1843.16666666667,"mar",0.0233333333333333,0.0466666666666667,0.01,0.406666666666667,0.21,0.196666666666667,0,0,1,300,1,"twn",106302595.085417,"med",2.5
"davi",9,2015,147.87689137308,0.0530155431437671,3005.8894225,147.87689137308,0.0530155431437671,3005.8894225,1.349760438,"F","didg",1909.7,"sep",0,0.0266666666666667,0,0.3,0.39,0.163333333333333,0,0,0,300,1,"twn",6504451.17291667,"low",7.55
"davi",10,2015,280.483698144674,-0.23711772628726,6910.82397966667,280.483698144674,-0.244325460454538,8775.209381,1.349760438,"F","didg",1812.1,"oct",0,0.0231788079470199,0.00993377483443709,0.374172185430464,0.258278145695364,0.188741721854305,0,0,0,302,1,"twn",5597218.68541667,"low",7.49032258064516
"davi",11,2015,602.208130081301,0.472546315938477,16901.20691,602.208130081301,0.472546315938477,16901.20691,1.349760438,"F","didg",1060.5,"nov",0,0.04,0.03,0.353333333333333,0.283333333333333,0.153333333333333,0,1,0,300,1,"twn",119557042.557833,"med",9.96
"davi",12,2015,606.441782241352,0.0658700632112532,4375.532472,606.441782241352,0.0658700632112532,4375.532472,1.349760438,"F","didg",1288.25,"dec",0.00333333333333333,0.0266666666666667,0.02,0.396666666666667,0.216666666666667,0.19,0.0366666666666667,1,0,300,1,"twn",188108038.364583,"hi",5.9
"dean",1,2016,396.653484078591,-0.200856072313043,7304.7688795,396.653484078591,-0.200856072313043,7304.7688795,2.302532512,"M","desd",395.25,"jan",0.0133333333333333,0.0266666666666667,0.00666666666666667,0.4,0.31,0.173333333333333,0,1,4,300,0.211,"gn",224542994.659615,"hi",2.85483870967742
"dean",2,2016,457.540995797627,-0.0108600656702785,3858.3469865,457.540995797627,-0.0108600656702785,3858.3469865,2.302532512,"M","desd",763.5,"feb",0.0166666666666667,0.0111111111111111,0.00277777777777778,0.472222222222222,0.277777777777778,0.158333333333333,0.00277777777777778,1,6,360,0.211,"gn",1746739.10288462,"low",1.33448275862069
"dean",3,2016,528.205869394178,-0.00158505881615655,14650.716059,400.221951219512,0.0653457574231696,4942.114244,2.302532512,"M","desd",677.2,"mar",0.0433333333333333,0.0166666666666667,0.00666666666666667,0.36,0.276666666666667,0.21,0,1,4,300,0.211,"gn",40715871.9509615,"low",2.5
"dean",8,2015,127.221581670362,-0.147453684061523,2852.354619,127.221581670362,-0.147453684061523,2852.354619,2.302532512,"M","desd",1295.6,"aug",0.0167597765363128,0,0.0223463687150838,0.346368715083799,0.424581005586592,0.139664804469274,0,2,7,179,0.211,"gn",44096.4490384615,"low",8.24193548387097
"dean",9,2015,268.466598915989,-0.0435936517588181,2081.226699,268.466598915989,-0.0299610624791194,2081.226699,2.302532512,"M","desd",1570,"sep",0,0,0,0.383333333333333,0.366666666666667,0.18,0,2,4,300,0.211,"gn",7298089.98653846,"low",7.55
"dean",10,2015,181.703368176539,-0.0728036095575315,2721.941713,181.703368176539,-0.0728036095575315,2721.941713,2.302532512,"M","desd",1171.45,"oct",0.034375,0.0125,0.01875,0.41875,0.296875,0.175,0,0,3,320,0.211,"gn",6099094.65192308,"low",7.49032258064516
"dean",11,2015,477.752676151762,0.0396670498048692,8664.626095,477.752676151762,0.0396670498048692,8664.626095,2.302532512,"M","desd",573.8,"nov",0.02,0.03,0.01,0.426666666666667,0.266666666666667,0.203333333333333,0.00333333333333333,1,0,300,0.211,"gn",117032983.428846,"med",9.96
"dean",12,2015,731.733690007868,0.0366022492363997,7059.2327145,731.733690007868,0.0366022492363997,7059.2327145,2.302532512,"M","desd",720.45,"dec",0.01,0.0466666666666667,0.0133333333333333,0.393333333333333,0.306666666666667,0.163333333333333,0,0,2,300,0.211,"gn",206628053.235577,"hi",5.9
"dext",1,2016,438.976151761518,-0.199616077877227,10006.080086,308.095894308943,-0.0937612752655754,11258.58638,1.80698152,"M","dj",1248.05,"jan",0.03125,0.003125,0,0.3,0.409375,0.178125,0,0,0,320,0.579,"gn",224542994.659615,"hi",2.85483870967742
"dext",2,2016,292.302090592335,-0.0666943775472808,5911.9711515,292.302090592335,-0.0666943775472808,5911.9711515,1.80698152,"M","dj",1206.45,"feb",0.0277777777777778,0.0138888888888889,0,0.491666666666667,0.225,0.172222222222222,0,0,1,360,0.579,"gn",1746739.10288462,"low",1.33448275862069
"dext",3,2016,356.951283697048,-0.0428670842779389,11335.1257495,356.951283697048,-0.0428670842779389,11335.1257495,1.80698152,"M","dj",868.1,"mar",0.0833333333333333,0.04,0,0.316666666666667,0.283333333333333,0.2,0,4,1,300,0.579,"gn",40715871.9509615,"low",2.5
"dext",9,2015,NA,-0.270063247095499,898.281162,NA,-0.270063247095499,898.281162,1.80698152,"M","dj",1409,"sep",0,0.0100334448160535,0,0.31438127090301,0.414715719063545,0.193979933110368,0,1,0,299,0.579,"gn",7298089.98653846,"low",7.55
"dext",10,2015,354.459337979094,-0.167482421124003,2020.37273333333,354.459337979094,-0.179321057674159,1532.777744,1.80698152,"M","dj",871.033333333333,"oct",0.00625,0,0,0.30625,0.35625,0.240625,0,0,0,320,0.579,"gn",6099094.65192308,"low",7.49032258064516
"dext",11,2015,583.143563685637,0.195674539545462,15172.62669,583.143563685637,0.195674539545462,15172.62669,1.80698152,"M","dj",506.9,"nov",0.00664451827242525,0,0,0.378737541528239,0.32890365448505,0.199335548172757,0,0,0,301,0.579,"gn",117032983.428846,"med",9.96
"dext",12,2015,236.945325203252,-0.0808293166478311,6736.1319085,236.945325203252,-0.0808293166478311,6736.1319085,1.80698152,"M","dj",1167.95,"dec",0.0133333333333333,0.00333333333333333,0,0.316666666666667,0.38,0.226666666666667,0,0,0,300,0.579,"gn",206628053.235577,"hi",5.9
"dubl",1,2016,702.827802414388,0.264997815685306,10517.5166115,702.827802414388,0.264997815685306,10517.5166115,2.321697467,"M","dixi",381.75,"jan",0.040133779264214,0,0.0167224080267559,0.357859531772575,0.377926421404682,0.147157190635452,0.00334448160535117,1,0,299,0.957,"tws",238110609.245833,"hi",2.85483870967742
"dubl",2,2016,414.263651761518,0.276115053168341,8246.8202085,414.263651761518,0.276115053168341,8246.8202085,2.321697467,"M","dixi",690.233333333333,"feb",0.0333333333333333,0.0111111111111111,0.0222222222222222,0.344444444444444,0.319444444444444,0.177777777777778,0,3,1,360,0.957,"tws",3108847.49027778,"low",1.33448275862069
"dubl",3,2016,623.291481051318,-0.0680889212622207,9349.7836015,410.294471544715,-0.143130817344823,9593.764757,2.321697467,"M","dixi",619.866666666667,"mar",0.16,0,0,0.386666666666667,0.146666666666667,0.156666666666667,0.0666666666666667,1,1,300,0.957,"tws",108977575.177778,"med",2.5
"dubl",8,2015,735.328426248548,0.298936456873038,5346.6871885,735.328426248548,0.298936456873038,5346.6871885,2.321697467,"M","dixi",558.15,"aug",0,0.0277777777777778,0,0.505555555555556,0.227777777777778,0.172222222222222,0,4,1,180,0.957,"tws",7755239.42916667,"low",8.24193548387097
"dubl",9,2015,1268.07700646237,1.06245690439914,8065.77809,1268.07700646237,1.06245690439914,8065.77809,2.321697467,"M","dixi",509.5,"sep",0.03,0.00666666666666667,0.00666666666666667,0.41,0.38,0.103333333333333,0.00333333333333333,4,4,300,0.957,"tws",13291529.0777778,"low",7.55
"dubl",10,2015,446.130697079193,0.121346344460553,5109.34050433333,437.502777777778,0.0946818066400613,5203.89738,2.321697467,"M","dixi",541.45,"oct",0,0,0,0.365625,0.3625,0.16875,0,3,0,320,0.957,"tws",8685715.30416667,"low",7.49032258064516
"dubl",11,2015,425.068394308943,-0.0963404399357234,1027.23969,425.068394308943,-0.0963404399357234,1027.23969,2.321697467,"M","dixi",799.25,"nov",0.0566666666666667,0,0.00333333333333333,0.396666666666667,0.286666666666667,0.16,0,2,4,300,0.957,"tws",131187483.281444,"med",9.96
"dubl",12,2015,628.69537601626,0.47206309906239,12875.017165,628.69537601626,0.47206309906239,12875.017165,2.321697467,"M","dixi",714.95,"dec",0.03,0,0.00333333333333333,0.333333333333333,0.43,0.14,0,5,0,300,0.957,"tws",237582652.334722,"hi",5.9
"fris",1,2016,773.35614498645,0.56849913651942,14795.096935,773.35614498645,0.56849913651942,14795.096935,1.418206708,"M","flet",960.05,"jan",0.0564784053156146,0.00996677740863787,0,0.538205980066445,0.166112956810631,0.166112956810631,0,0,1,301,0.625,"tws",238110609.245833,"hi",2.85483870967742
"fris",2,2016,396.355880918221,0.0508696396228452,10936.2406785,396.355880918221,0.0508696396228452,10936.2406785,1.418206708,"M","flet",865.35,"feb",0.0138888888888889,0,0,0.561111111111111,0.213888888888889,0.152777777777778,0,2,5,360,0.625,"tws",3108847.49027778,"low",1.33448275862069
"fris",3,2016,889.155628233555,-0.0414326321304357,15127.0489736667,889.155628233555,-0.13465424257683,7877.420793,1.418206708,"M","flet",1072.6,"mar",0.02,0.0333333333333333,0.02,0.573333333333333,0.143333333333333,0.126666666666667,0,1,1,300,0.625,"tws",108977575.177778,"med",2.5
"fris",8,2015,978.454268292683,-0.0243254604545382,3559.314363,978.454268292683,-0.0243254604545382,3559.314363,1.418206708,"M","flet",633.3,"aug",0.0111731843575419,0,0.0167597765363128,0.597765363128492,0.167597765363128,0.17877094972067,0,1,1,179,0.625,"tws",7755239.42916667,"low",8.24193548387097
"fris",9,2015,227.12626641651,0.145668153006938,8015.844794,227.12626641651,0.145668153006938,8015.844794,1.418206708,"M","flet",833.9,"sep",0,0.012448132780083,0.037344398340249,0.493775933609959,0.282157676348548,0.128630705394191,0,5,7,241,0.625,"tws",13291529.0777778,"low",7.55
"fris",10,2015,980.235215296598,0.230551250731716,17427.0988986667,584.408581752484,0.140505790303197,20003.15027,1.418206708,"M","flet",970.566666666667,"oct",0,0,0,0.4375,0.353125,0.15,0,0,1,320,0.625,"tws",8685715.30416667,"low",7.49032258064516
"fris",11,2015,958.81958515739,0.579062528703041,7629.580399,958.81958515739,0.579062528703041,7629.580399,1.418206708,"M","flet",524.8,"nov",0.0166666666666667,0.0133333333333333,0.0233333333333333,0.43,0.26,0.143333333333333,0,4,6,300,0.625,"tws",131187483.281444,"med",9.96
"fris",12,2015,499.881249465126,0.29746290735547,11243.847637,499.881249465126,0.29746290735547,11243.847637,1.418206708,"M","flet",422.6,"dec",0.0332225913621262,0,0.00332225913621262,0.465116279069767,0.219269102990033,0.192691029900332,0,7,1,301,0.625,"tws",237582652.334722,"hi",5.9
"kabu",1,2016,754.616231126597,-0.0430410551468707,12636.128115,754.616231126597,-0.0430410551468707,12636.128115,1.604380561,"F","kayl",1030.15,"jan",0.00668896321070234,0.0100334448160535,0.0100334448160535,0.391304347826087,0.297658862876254,0.210702341137124,0,1,0,299,0.455,"twn",187602350.308333,"hi",2.85483870967742
"kabu",2,2016,441.87825203252,-0.303761275265575,16523.3333655,441.87825203252,-0.303761275265575,16523.3333655,1.604380561,"F","kayl",2023.75,"feb",0,0.0166666666666667,0.00555555555555556,0.338888888888889,0.391666666666667,0.141666666666667,0,0,5,360,0.455,"twn",572666.5375,"low",1.33448275862069
"kabu",3,2016,715.678975029036,-0.0741694396900604,2360.740637,715.678975029036,-0.0741694396900604,2360.740637,1.604380561,"F","kayl",845.6,"mar",0.02,0.0466666666666667,0.00666666666666667,0.473333333333333,0.183333333333333,0.196666666666667,0,0,1,300,0.455,"twn",106302595.085417,"med",2.5
"kabu",10,2015,NA,-0.111325683100531,1656.038872,NA,-0.111325683100531,1656.038872,1.604380561,"F","kayl",2237.3,"oct",0.00940438871473354,0.0250783699059561,0.0188087774294671,0.31974921630094,0.25705329153605,0.203761755485893,0,0,2,319,0.455,"twn",5597218.68541667,"low",7.49032258064516
"kabu",11,2015,377.307379612258,0.205668153006938,7140.567917,377.307379612258,0.205668153006938,7140.567917,1.604380561,"F","kayl",2177.3,"nov",0,0.0167224080267559,0,0.317725752508361,0.311036789297659,0.210702341137124,0,0,4,299,0.455,"twn",119557042.557833,"med",9.96
"kabu",12,2015,439.530527326107,0.0680155431437671,6999.028711,439.530527326107,0.0680155431437671,6999.028711,1.604380561,"F","kayl",1219.85,"dec",0,0.0133333333333333,0.00666666666666667,0.373333333333333,0.276666666666667,0.23,0,0,0,300,0.455,"twn",188108038.364583,"hi",5.9
"keny",1,2016,544.442415112386,-0.0586303770667848,7972.5483565,544.442415112386,-0.0586303770667848,7972.5483565,2.453114305,"M","kayl",902.1,"jan",0.0730897009966777,0,0,0.348837209302326,0.348837209302326,0.159468438538206,0,0,0,301,0.455,"twn",187602350.308333,"hi",2.85483870967742
"keny",2,2016,357.8297943271,-0.158047825267592,4629.812018,357.8297943271,-0.158047825267592,4629.812018,2.453114305,"M","kayl",984.6,"feb",0.0166666666666667,0.0194444444444444,0.0194444444444444,0.444444444444444,0.294444444444444,0.125,0,0,1,360,0.455,"twn",572666.5375,"low",1.33448275862069
"keny",3,2016,795.834898853526,-0.0653728625195881,3191.4777925,795.834898853526,-0.0653728625195881,3191.4777925,2.453114305,"M","kayl",915,"mar",0.0733333333333333,0.0266666666666667,0.0166666666666667,0.37,0.256666666666667,0.18,0,6,4,300,0.455,"twn",106302595.085417,"med",2.5
"keny",8,2015,808.272704294351,-0.12542753876187,3876.125831,808.272704294351,-0.12542753876187,3876.125831,2.453114305,"M","kayl",1534.2,"aug",0.065,0,0,0.315,0.385,0.13,0,1,1,200,0.455,"twn",521089.197916667,"low",8.24193548387097
"keny",9,2015,428.689322493225,-0.053444433208779,2766.496287,428.689322493225,-0.053444433208779,2766.496287,2.453114305,"M","kayl",1182.53333333333,"sep",0.0366666666666667,0.0233333333333333,0.02,0.313333333333333,0.383333333333333,0.123333333333333,0,1,2,300,0.455,"twn",6504451.17291667,"low",7.55
"keny",10,2015,447.522051590886,-0.191746256608041,8243.68783966667,513.468352905751,-0.0963173128038628,4201.020822,2.453114305,"M","kayl",1075.825,"oct",0.0866666666666667,0,0,0.26,0.316666666666667,0.216666666666667,0,0,1,300,0.455,"twn",5597218.68541667,"low",7.49032258064516
"keny",11,2015,367.822476729115,0.10260095925718,2248.756358,367.822476729115,0.10260095925718,2248.756358,2.453114305,"M","kayl",NA,"nov",0,0.01,0.01,0.386666666666667,0.27,0.193333333333333,0,0,4,300,0.455,"twn",119557042.557833,"med",9.96
"keny",12,2015,652.496454175905,0.245792241078797,5657.1329575,652.496454175905,0.245792241078797,5657.1329575,2.453114305,"M","kayl",619.15,"dec",0.0132890365448505,0.0332225913621262,0.00664451827242525,0.425249169435216,0.285714285714286,0.159468438538206,0,0,1,301,0.455,"twn",188108038.364583,"hi",5.9
"king",1,2016,323.016558567001,-0.262874277987068,21256.08842,323.016558567001,-0.262874277987068,21256.08842,2.045174538,"M","kipp",644.5,"jan",0.0434782608695652,0,0,0.364548494983278,0.37123745819398,0.157190635451505,0,0,0,299,0.364,"twn",187602350.308333,"hi",2.85483870967742
"king",2,2016,253.56945262448,-0.272161237412229,3885.748404,253.56945262448,-0.272161237412229,3885.748404,2.045174538,"M","kipp",1018.2,"feb",0.0361111111111111,0.00833333333333333,0,0.394444444444444,0.311111111111111,0.163888888888889,0,0,0,360,0.364,"twn",572666.5375,"low",1.33448275862069
"king",3,2016,249.050862625211,-0.172077167576508,1994.77122746667,183.412737127371,-0.149944321885783,2056.460143,2.045174538,"M","kipp",1805.4,"mar",0.053156146179402,0.026578073089701,0.0166112956810631,0.378737541528239,0.232558139534884,0.182724252491694,0.0598006644518272,0,3,301,0.364,"twn",106302595.085417,"med",2.5
"king",8,2015,171.232845528455,0.056555566791221,2034.059756,171.232845528455,0.056555566791221,2034.059756,2.045174538,"M","kipp",NA,"aug",0,0.0222222222222222,0.0166666666666667,0.355555555555556,0.272222222222222,0.216666666666667,0,1,0,180,0.364,"twn",521089.197916667,"low",8.24193548387097
"king",10,2015,290.876179828012,-0.22079501661487,2342.294642,290.876179828012,-0.22079501661487,2342.294642,2.045174538,"M","kipp",847.733333333333,"oct",0.25625,0,0.0125,0.296875,0.16875,0.196875,0,0,1,320,0.364,"twn",5597218.68541667,"low",7.49032258064516
"king",11,2015,168.286097560976,0.0346818066400614,2440.684187,168.286097560976,0.0346818066400614,2440.684187,2.045174538,"M","kipp",1227.6,"nov",0.1,0,0,0.39,0.23,0.163333333333333,0,0,2,300,0.364,"twn",119557042.557833,"med",9.96
"king",12,2015,333.629911924119,-0.0213284669466495,1450.536315,333.629911924119,-0.0213284669466495,1450.536315,2.045174538,"M","kipp",1031.9,"dec",0.0566666666666667,0,0,0.413333333333333,0.276666666666667,0.16,0,0,0,300,0.364,"twn",188108038.364583,"hi",5.9
"mayh",1,2016,353.762833914053,-0.24559831636154,11694.9538345,353.762833914053,-0.24559831636154,11694.9538345,2.214921287,"F","mixu",610.6,"jan",0,0.0367892976588629,0.0468227424749164,0.361204013377926,0.280936454849498,0.150501672240803,0.0635451505016722,1,1,299,0.789,"gn",224542994.659615,"hi",2.85483870967742
"mayh",2,2016,190.016131436314,-0.153995468821129,2887.573027,190.016131436314,-0.153995468821129,2887.573027,2.214921287,"F","mixu",932.4,"feb",0.00555555555555556,0.0583333333333333,0.0888888888888889,0.383333333333333,0.241666666666667,0.161111111111111,0,5,3,360,0.789,"gn",1746739.10288462,"low",1.33448275862069
"mayh",3,2016,351.165294715447,-0.046362018573529,2471.568115,351.165294715447,-0.046362018573529,2471.568115,2.214921287,"F","mixu",739.1,"mar",0.0167785234899329,0.0335570469798658,0.063758389261745,0.298657718120805,0.268456375838926,0.228187919463087,0,6,1,298,0.789,"gn",40715871.9509615,"low",2.5
"mayh",10,2015,382.07074912892,-0.159453279909396,6653.33246766667,382.07074912892,-0.18465424257683,5698.024261,2.214921287,"F","mixu",1349.95,"oct",0,0.021875,0.05625,0.25625,0.4875,0.146875,0,2,3,320,0.789,"gn",6099094.65192308,"low",7.49032258064516
"mayh",11,2015,623.138970189702,0.176555566791221,28036.6103,623.138970189702,0.176555566791221,28036.6103,2.214921287,"F","mixu",815.8,"nov",0,0.1,0.04,0.283333333333333,0.36,0.156666666666667,0,0,0,300,0.789,"gn",117032983.428846,"med",9.96
"mayh",12,2015,552.982748492001,0.1166022492364,3717.021664,552.982748492001,0.1166022492364,3717.021664,2.214921287,"F","mixu",546.55,"dec",0,0.0166666666666667,0.02,0.413333333333333,0.28,0.193333333333333,0,1,0,300,0.789,"gn",206628053.235577,"hi",5.9
"mend",1,2016,434.80362158167,-0.119471915576494,59010.02836,434.80362158167,-0.119471915576494,59010.02836,2.236824093,"F","merl",356.5,"jan",0.0133333333333333,0,0.00666666666666667,0.48,0.226666666666667,0.206666666666667,0.00333333333333333,0,1,300,0.737,"gn",224542994.659615,"hi",2.85483870967742
"mend",2,2016,532.39287054409,0.0131739241659553,13359.9096115,532.39287054409,0.0131739241659553,13359.9096115,2.236824093,"F","merl",953.8,"feb",0,0.0138504155124654,0.0470914127423823,0.437673130193906,0.265927977839335,0.193905817174515,0,3,6,361,0.737,"gn",1746739.10288462,"low",1.33448275862069
"mend",3,2016,304.931010452962,-0.054719265791293,2799.244735,304.931010452962,-0.054719265791293,2799.244735,2.236824093,"F","merl",341.45,"mar",0,0,0.0234113712374582,0.464882943143813,0.167224080267559,0.254180602006689,0,2,1,299,0.737,"gn",40715871.9509615,"low",2.5
"mend",8,2015,108.523667570009,-0.0153876193547802,3960.7886585,108.523667570009,-0.0153876193547802,3960.7886585,2.236824093,"F","merl",712.5,"aug",0.0166666666666667,0.0111111111111111,0.0388888888888889,0.383333333333333,0.327777777777778,0.144444444444444,0,1,1,180,0.737,"gn",44096.4490384615,"low",8.24193548387097
"mend",9,2015,183.540301974448,-0.0396410600766393,1529.754457,183.540301974448,-0.0396410600766393,1529.754457,2.236824093,"F","merl",1121.8,"sep",0,0,0.0533333333333333,0.256666666666667,0.483333333333333,0.16,0,1,0,300,0.737,"gn",7298089.98653846,"low",7.55
"mend",10,2015,283.268485237484,0.213907717449681,14432.89661,283.268485237484,0.213907717449681,14432.89661,2.236824093,"F","merl",891.7,"oct",0,0.059375,0.065625,0.278125,0.3625,0.159375,0,0,0,320,0.737,"gn",6099094.65192308,"low",7.49032258064516
"mend",11,2015,1470.37762722072,0.350386032081928,41869.91524,1470.37762722072,0.350386032081928,41869.91524,2.236824093,"F","merl",1971.8,"nov",0,0.0438871473354232,0.0188087774294671,0.401253918495298,0.225705329153605,0.225705329153605,0,0,2,319,0.737,"gn",117032983.428846,"med",9.96
"mend",12,2015,548.324738675958,-0.00678973327841506,9191.869687,548.324738675958,-0.00678973327841506,9191.869687,2.236824093,"F","merl",483.6,"dec",0,0.05,0.0266666666666667,0.356666666666667,0.306666666666667,0.223333333333333,0,3,0,300,0.737,"gn",206628053.235577,"hi",5.9
"mole",1,2016,1161.52733274882,-0.139224770102425,7259.32903366667,606.360365853659,-0.14939130959792,4822.092604,1.467488022,"F","merl",864.75,"jan",0.00333333333333333,0,0,0.44,0.236666666666667,0.243333333333333,0,0,1,300,0.737,"gn",224542994.659615,"hi",2.85483870967742
"mole",2,2016,514.817705510388,-0.111576292431748,21177.39585,514.817705510388,-0.111576292431748,21177.39585,1.467488022,"F","merl",1704.55,"feb",0,0.00555555555555556,0.0416666666666667,0.330555555555556,0.297222222222222,0.255555555555556,0,1,2,360,0.737,"gn",1746739.10288462,"low",1.33448275862069
"mole",3,2016,378.001840933192,-0.12436735653714,7491.5721015,378.001840933192,-0.12436735653714,7491.5721015,1.467488022,"F","merl",883.1,"mar",0.02,0.0166666666666667,0.0433333333333333,0.363333333333333,0.246666666666667,0.226666666666667,0,1,0,300,0.737,"gn",40715871.9509615,"low",2.5
"mole",8,2015,128.474516400336,-0.209969868039877,1502.822989,128.474516400336,-0.209969868039877,1502.822989,1.467488022,"F","merl",1185.1,"aug",0,0.0222222222222222,0.1,0.383333333333333,0.127777777777778,0.261111111111111,0,2,1,180,0.737,"gn",44096.4490384615,"low",8.24193548387097
"mole",9,2015,179.204206433369,-0.259447955433082,2698.545599,179.204206433369,-0.259447955433082,2698.545599,1.467488022,"F","merl",1088.45,"sep",0.00333333333333333,0.0266666666666667,0.0666666666666667,0.253333333333333,0.353333333333333,0.23,0,0,2,300,0.737,"gn",7298089.98653846,"low",7.55
"mole",10,2015,371.308179301879,-0.119855999079467,2667.60909966667,346.406594399277,-0.134325460454538,2367.232029,1.467488022,"F","merl",1147.9,"oct",0,0.015625,0.034375,0.25625,0.365625,0.228125,0,2,2,320,0.737,"gn",6099094.65192308,"low",7.49032258064516
"mole",11,2015,NA,0.355326597807598,3966.054878,NA,0.355326597807598,3966.054878,1.467488022,"F","merl",992.5,"nov",0.01,0.02,0,0.34,0.27,0.23,0,0,1,300,0.737,"gn",117032983.428846,"med",9.96
"mole",12,2015,239.713482384824,-0.0713256831005313,1771.660779,239.713482384824,-0.0713256831005313,1771.660779,1.467488022,"F","merl",1376.45,"dec",0.00666666666666667,0.0166666666666667,0.04,0.43,0.206666666666667,0.213333333333333,0,0,0,300,0.737,"gn",206628053.235577,"hi",5.9
"onyx",1,2016,749.908798349347,-0.041659668091176,10001.7648865,749.908798349347,-0.041659668091176,10001.7648865,1.631759069,"M","opal",1502.85,"jan",0.0433333333333333,0,0,0.366666666666667,0.28,0.176666666666667,0.05,0,0,300,0.909,"twn",187602350.308333,"hi",2.85483870967742
"onyx",2,2016,428.512047893637,-0.401394877683837,13318.121295,329.555424726661,-0.427691534480956,9846.435552,1.631759069,"M","opal",1320.66666666667,"feb",0.00835654596100279,0.00835654596100279,0,0.426183844011142,0.295264623955432,0.175487465181058,0,0,0,359,0.909,"twn",572666.5375,"low",1.33448275862069
"onyx",3,2016,399.161646483598,-0.204493044784946,21312.1045855,399.161646483598,-0.204493044784946,21312.1045855,1.631759069,"M","opal",1080.7,"mar",0.00333333333333333,0.0533333333333333,0.05,0.366666666666667,0.236666666666667,0.19,0,0,2,300,0.909,"twn",106302595.085417,"med",2.5
"onyx",8,2015,410.31703038083,-0.31140870810134,13040.98117,410.31703038083,-0.31140870810134,13040.98117,1.631759069,"M","opal",171,"aug",0.0111111111111111,0,0,0.255555555555556,0.355555555555556,0.205555555555556,0,0,5,180,0.909,"twn",521089.197916667,"low",8.24193548387097
"onyx",10,2015,192.974785456188,-0.229255102619097,7914.70235266667,192.974785456188,-0.20946072851013,7965.101613,1.631759069,"M","opal",1297,"oct",0.0566666666666667,0.04,0.0266666666666667,0.433333333333333,0.196666666666667,0.15,0,0,0,300,0.909,"twn",5597218.68541667,"low",7.49032258064516
"onyx",11,2015,215.715345528455,-0.0426958714141795,1782.742337,215.715345528455,-0.0426958714141795,1782.742337,1.631759069,"M","opal",1077.65,"nov",0.0766666666666667,0,0,0.306666666666667,0.27,0.213333333333333,0,0,1,300,0.909,"twn",119557042.557833,"med",9.96
"onyx",12,2015,517.241437604852,-0.0104953574981322,8403.298158,517.241437604852,-0.0104953574981322,8403.298158,1.631759069,"M","opal",890.2,"dec",0.09,0.01,0.00666666666666667,0.37,0.243333333333333,0.17,0,0,0,300,0.909,"twn",188108038.364583,"hi",5.9
"pam",1,2016,877.849911472448,0.0550285247015435,19458.17305,877.849911472448,0.0550285247015435,19458.17305,1.796030116,"F","park",695.15,"jan",0.0100334448160535,0.0100334448160535,0.0167224080267559,0.347826086956522,0.297658862876254,0.230769230769231,0,0,0,299,0.091,"twn",187602350.308333,"hi",2.85483870967742
"pam",2,2016,359.778792102207,-0.328501919138125,12234.2688505,359.778792102207,-0.328501919138125,12234.2688505,1.796030116,"F","park",1035.6,"feb",0.00555555555555556,0.00277777777777778,0,0.316666666666667,0.383333333333333,0.183333333333333,0,2,1,360,0.091,"twn",572666.5375,"low",1.33448275862069
"pam",3,2016,386.130867619282,-0.0973076525279749,1823.947561,386.130867619282,-0.0973076525279749,1823.947561,1.796030116,"F","park",944.8,"mar",0.0166666666666667,0.04,0.0366666666666667,0.423333333333333,0.23,0.173333333333333,0,1,1,300,0.091,"twn",106302595.085417,"med",2.5
"pam",8,2015,878.130894308943,-0.114647446615163,4634.069567,878.130894308943,-0.114647446615163,4634.069567,1.796030116,"F","park",770.9,"aug",0,0.0222222222222222,0.0333333333333333,0.266666666666667,0.272222222222222,0.244444444444444,0,0,1,180,0.091,"twn",521089.197916667,"low",8.24193548387097
"pam",9,2015,237.638677666188,-0.0906669351857756,10069.549505,237.638677666188,-0.0906669351857756,10069.549505,1.796030116,"F","park",969.666666666667,"sep",0,0.09,0.06,0.23,0.303333333333333,0.193333333333333,0,0,2,300,0.091,"twn",6504451.17291667,"low",7.55
"pam",10,2015,393.84798846053,-0.173082151141499,24610.17036,393.84798846053,-0.173082151141499,24610.17036,1.796030116,"F","park",564.9,"oct",0.0199335548172757,0.026578073089701,0.0199335548172757,0.242524916943522,0.315614617940199,0.215946843853821,0,0,0,301,0.091,"twn",5597218.68541667,"low",7.49032258064516
"pam",11,2015,274.04756097561,0.0836595600642766,8585.015346,274.04756097561,0.0836595600642766,8585.015346,1.796030116,"F","park",564.4,"nov",0,0,0,0.276666666666667,0.396666666666667,0.166666666666667,0,2,0,300,0.091,"twn",119557042.557833,"med",9.96
"pam",12,2015,882.76430607105,-0.00290498700330562,15544.0857035,882.76430607105,-0.00290498700330562,15544.0857035,1.796030116,"F","park",1203.25,"dec",0,0,0.01,0.35,0.33,0.213333333333333,0,0,0,300,0.091,"twn",188108038.364583,"hi",5.9
"peke",1,2016,349.317488913525,-0.168159556768179,9310.902161,349.317488913525,-0.168159556768179,9310.902161,2.814510609,"M","pans",424.9,"jan",0.12,0,0,0.356666666666667,0.26,0.19,0,0,0,300,0.174,"tws",238110609.245833,"hi",2.85483870967742
"peke",2,2016,409.702145438121,-0.0879201603442735,6394.65942,409.702145438121,-0.0879201603442735,6394.65942,2.814510609,"M","pans",1137.9,"feb",0.025,0.0222222222222222,0,0.391666666666667,0.280555555555556,0.194444444444444,0,0,5,360,0.174,"tws",3108847.49027778,"low",1.33448275862069
"peke",3,2016,564.666466980459,0.00584052369992286,16899.796624,564.666466980459,0.00584052369992286,16899.796624,2.814510609,"M","pans",893.35,"mar",0.09,0,0,0.493333333333333,0.136666666666667,0.19,0.01,2,2,300,0.174,"tws",108977575.177778,"med",2.5
"peke",8,2015,589.037137089127,-0.0619796834141291,6397.86221325,593.297389816003,-0.0625538519961803,6018.687069,2.814510609,"M","pans",525.6,"aug",0.0446927374301676,0.0111731843575419,0.00558659217877095,0.452513966480447,0.251396648044693,0.173184357541899,0,0,2,179,0.174,"tws",7755239.42916667,"low",8.24193548387097
"peke",10,2015,596.903901439936,0.0596207509418881,8092.6091715,596.903901439936,0.0596207509418881,8092.6091715,2.814510609,"M","pans",793.1,"oct",0,0.0125,0.015625,0.41875,0.203125,0.259375,0,0,2,320,0.174,"tws",8685715.30416667,"low",7.49032258064516
"peke",11,2015,314.055331457161,0.391486140796379,4445.619564,314.055331457161,0.391486140796379,4445.619564,2.814510609,"M","pans",483.9,"nov",0,0.04,0.0133333333333333,0.363333333333333,0.263333333333333,0.22,0,0,0,300,0.174,"tws",131187483.281444,"med",9.96
"peke",12,2015,614.796356178494,0.15350472296997,19205.602608,614.796356178494,0.15350472296997,19205.602608,2.814510609,"M","pans",524.6,"dec",0.183333333333333,0.0233333333333333,0,0.336666666666667,0.206666666666667,0.166666666666667,0,0,1,300,0.174,"tws",237582652.334722,"hi",5.9
"petr",1,2016,467.955483288166,-0.346109056067234,25404.59883,467.955483288166,-0.346109056067234,25404.59883,2.565366188,"F","park",1876.25,"jan",0,0.0533333333333333,0.07,0.29,0.42,0.126666666666667,0,0,0,300,0.091,"twn",187602350.308333,"hi",2.85483870967742
"petr",2,2016,347.245429908845,-0.261993653081821,16692.271928,347.245429908845,-0.261993653081821,16692.271928,2.565366188,"F","park",991.95,"feb",0.00555555555555556,0.00277777777777778,0.00555555555555556,0.297222222222222,0.430555555555556,0.172222222222222,0,3,0,360,0.091,"twn",572666.5375,"low",1.33448275862069
"petr",3,2016,334.347553395114,-0.273162750037441,9464.1792275,334.347553395114,-0.273162750037441,9464.1792275,2.565366188,"F","park",649.85,"mar",0,0.0333333333333333,0.0533333333333333,0.45,0.24,0.126666666666667,0.03,0,1,300,0.091,"twn",106302595.085417,"med",2.5
"petr",8,2015,521.086790400799,0.152449341273077,2846.59026,521.086790400799,0.152449341273077,2846.59026,2.565366188,"F","park",1140.35,"aug",0,0.0555555555555556,0.172222222222222,0.3,0.277777777777778,0.127777777777778,0,0,0,180,0.091,"twn",521089.197916667,"low",8.24193548387097
"petr",9,2015,780.376792313378,-0.120720804257452,6802.8076865,780.376792313378,-0.120720804257452,6802.8076865,2.565366188,"F","park",1314.8,"sep",0,0.0535117056856187,0.0702341137123746,0.25752508361204,0.344481605351171,0.163879598662207,0,0,0,299,0.091,"twn",6504451.17291667,"low",7.55
"petr",10,2015,597.314115913089,-0.155083583298609,9000.851653,597.314115913089,-0.155083583298609,9000.851653,2.565366188,"F","park",1552.05,"oct",0,0.0266666666666667,0.0766666666666667,0.2,0.363333333333333,0.193333333333333,0,0,0,300,0.091,"twn",5597218.68541667,"low",7.49032258064516
"petr",11,2015,451.120325203252,0.0191858237695589,5996.018568,451.120325203252,0.0191858237695589,5996.018568,2.565366188,"F","park",660.2,"nov",0,0.0566666666666667,0.116666666666667,0.263333333333333,0.266666666666667,0.173333333333333,0.0233333333333333,0,0,300,0.091,"twn",119557042.557833,"med",9.96
"petr",12,2015,450.776937640352,0.149881702523531,10035.0946123333,416.308859703982,0.112546315938477,7575.271628,2.565366188,"F","park",1290.35,"dec",0,0.0333333333333333,0.0433333333333333,0.34,0.323333333333333,0.183333333333333,0,1,0,300,0.091,"twn",188108038.364583,"hi",5.9
"pira",1,2016,410.672218116121,-0.0941554829428418,7633.1318685,410.672218116121,-0.0941554829428418,7633.1318685,1.35797399,"M","pinc",599.066666666667,"jan",0.05,0,0,0.48,0.243333333333333,0.18,0,0,0,300,0.947,"gn",224542994.659615,"hi",2.85483870967742
"pira",2,2016,277.556464030549,-0.00815955676817954,10332.135517,277.556464030549,-0.00815955676817954,10332.135517,1.35797399,"M","pinc",1430.15,"feb",0.0833333333333333,0,0.0166666666666667,0.375,0.241666666666667,0.219444444444444,0.0138888888888889,6,5,360,0.947,"gn",1746739.10288462,"low",1.33448275862069
"pira",3,2016,459.312823159978,-0.0561321690338306,11414.765445,459.312823159978,-0.0561321690338306,11414.765445,1.35797399,"M","pinc",734,"mar",0.143333333333333,0.0133333333333333,0.00333333333333333,0.363333333333333,0.163333333333333,0.246666666666667,0,0,1,300,0.947,"gn",40715871.9509615,"low",2.5
"pira",8,2015,215.049457026713,-0.0832824424115534,4930.581935,215.049457026713,-0.0832824424115534,4930.581935,1.35797399,"M","pinc",1503,"aug",0,0,0.0777777777777778,0.438888888888889,0.266666666666667,0.155555555555556,0,2,1,180,0.947,"gn",44096.4490384615,"low",8.24193548387097
"pira",9,2015,659.703201219512,0.073637981426471,3364.826207,659.703201219512,0.073637981426471,3364.826207,1.35797399,"M","pinc",2244.5,"sep",0,0,0,0.293333333333333,0.463333333333333,0.176666666666667,0,2,4,300,0.947,"gn",7298089.98653846,"low",7.55
"pira",10,2015,393.475697375009,-0.160143045903468,4786.270018,393.475697375009,-0.160143045903468,4786.270018,1.35797399,"M","pinc",1219.15,"oct",0.053125,0.0375,0.04375,0.365625,0.271875,0.1875,0,2,0,320,0.947,"gn",6099094.65192308,"low",7.49032258064516
"pira",11,2015,4873.38536585366,0.259224143000701,2265.61211,4873.38536585366,0.259224143000701,2265.61211,1.35797399,"M","pinc",195.8,"nov",0.01,0,0,0.49,0.31,0.12,0.0166666666666667,2,2,300,0.947,"gn",117032983.428846,"med",9.96
"pira",12,2015,487.826684733514,0.0688506809496888,8550.5190465,487.826684733514,0.0688506809496888,8550.5190465,1.35797399,"M","pinc",1529.5,"dec",0.0633333333333333,0.0233333333333333,0.01,0.42,0.306666666666667,0.13,0,2,2,300,0.947,"gn",206628053.235577,"hi",5.9
"renl",1,2016,442.624506387921,-0.20732163511614,7932.548865,442.624506387921,-0.20732163511614,7932.548865,1.834360027,"M","robe",1167.35,"jan",0.01,0,0,0.323333333333333,0.336666666666667,0.206666666666667,0,0,1,300,0.263,"gn",224542994.659615,"hi",2.85483870967742
"renl",2,2016,350.40753366607,-0.26408086116228,17847.6343,350.40753366607,-0.26408086116228,17847.6343,1.834360027,"M","robe",1160.06666666667,"feb",0.0293255131964809,0.0117302052785924,0,0.472140762463343,0.237536656891496,0.196480938416422,0,0,2,341,0.263,"gn",1746739.10288462,"low",1.33448275862069
"renl",3,2016,331.740502586844,-0.109753064525989,4774.63432133333,331.740502586844,-0.0292867576411981,4610.814049,1.834360027,"M","robe",768.4,"mar",0.106666666666667,0.0166666666666667,0.03,0.323333333333333,0.233333333333333,0.22,0,0,2,300,0.263,"gn",40715871.9509615,"low",2.5
"renl",8,2015,484.72572503979,-0.198250663420613,2884.55666733333,475.444390243902,-0.164673402192402,2150.91766,1.834360027,"M","robe",1465.36666666667,"aug",0,0,0,0.472222222222222,0.25,0.222222222222222,0,0,1,180,0.263,"gn",44096.4490384615,"low",8.24193548387097
"renl",9,2015,337.978248144221,-0.21936735653714,2087.9279395,337.978248144221,-0.21936735653714,2087.9279395,1.834360027,"M","robe",3382.4,"sep",0,0.04,0.01,0.356666666666667,0.306666666666667,0.24,0,0,0,300,0.263,"gn",7298089.98653846,"low",7.55
"renl",10,2015,575.666791744841,-0.0743318469930619,3046.473749,575.666791744841,-0.0743318469930619,3046.473749,1.834360027,"M","robe",956.4,"oct",0.009375,0.009375,0,0.28125,0.378125,0.265625,0,0,0,320,0.263,"gn",6099094.65192308,"low",7.49032258064516
"renl",11,2015,1209.643691091,0.308908119790192,20813.907793,1209.643691091,0.308908119790192,20813.907793,1.834360027,"M","robe",348.3,"nov",0.0166666666666667,0.03,0.0166666666666667,0.36,0.293333333333333,0.206666666666667,0.00333333333333333,0,1,300,0.263,"gn",117032983.428846,"med",9.96
"renl",12,2015,433.448995900215,0.0246754201015377,5583.4846545,433.448995900215,0.0246754201015377,5583.4846545,1.834360027,"M","robe",925.9,"dec",0.0366666666666667,0.00333333333333333,0,0.38,0.33,0.186666666666667,0,0,1,300,0.263,"gn",206628053.235577,"hi",5.9
"ropa",1,2016,401.802091433958,-0.19739904074282,11742.837241,401.802091433958,-0.19739904074282,11742.837241,3.529089665,"M","robe",696,"jan",0.0266666666666667,0,0.00333333333333333,0.383333333333333,0.386666666666667,0.126666666666667,0,1,1,300,0.263,"gn",224542994.659615,"hi",2.85483870967742
"ropa",2,2016,295.924000471309,-0.117414337222766,7738.59603433333,293.60325203252,-0.139447955433082,6189.263707,3.529089665,"M","robe",820.066666666667,"feb",0.0501392757660167,0,0.0139275766016713,0.543175487465181,0.175487465181058,0.153203342618384,0.00278551532033426,5,7,359,0.263,"gn",1746739.10288462,"low",1.33448275862069
"ropa",3,2016,644.810674009966,-0.0750823737874923,3104.0322965,644.810674009966,-0.0750823737874923,3104.0322965,3.529089665,"M","robe",595.4,"mar",0.0466666666666667,0.01,0.0133333333333333,0.593333333333333,0.14,0.14,0,0,0,300,0.263,"gn",40715871.9509615,"low",2.5
"ropa",8,2015,114.096217744786,0.0170950129966944,35862.772646,114.096217744786,0.0170950129966944,35862.772646,3.529089665,"M","robe",120,"aug",0,0,0,0.25,0.622222222222222,0.1,0,3,4,180,0.263,"gn",44096.4490384615,"low",8.24193548387097
"ropa",9,2015,417.108180002853,-0.24170118059158,2965.0526685,417.108180002853,-0.24170118059158,2965.0526685,3.529089665,"M","robe",1388.9,"sep",0.00666666666666667,0.0766666666666667,0.0333333333333333,0.406666666666667,0.26,0.173333333333333,0,1,1,300,0.263,"gn",7298089.98653846,"low",7.55
"ropa",10,2015,499.09815747614,-0.251253623899217,9130.14353133333,499.09815747614,-0.220551640998993,11424.97049,3.529089665,"M","robe",1260.9,"oct",0.015625,0.03125,0,0.390625,0.275,0.228125,0,0,0,320,0.263,"gn",6099094.65192308,"low",7.49032258064516
"ropa",11,2015,679.493292682927,0.155674539545462,16661.29251,679.493292682927,0.155674539545462,16661.29251,3.529089665,"M","robe",1268.8,"nov",0.02,0.0466666666666667,0.04,0.423333333333333,0.28,0.15,0.0166666666666667,2,2,300,0.263,"gn",117032983.428846,"med",9.96
"ropa",12,2015,298.307843592722,0.00236874237713942,6128.994675,298.307843592722,0.00236874237713942,6128.994675,3.529089665,"M","robe",2323.3,"dec",0.02,0.0233333333333333,0.05,0.473333333333333,0.22,0.156666666666667,0,1,0,300,0.263,"gn",206628053.235577,"hi",5.9
"ruki",1,2016,409.748245092207,-0.0400632470954992,2191.792445,409.748245092207,-0.0400632470954992,2191.792445,2.770704997,"M","rave",885.9,"jan",0.0833333333333333,0.0433333333333333,0.00666666666666667,0.373333333333333,0.286666666666667,0.156666666666667,0,0,0,300,0.273,"twn",187602350.308333,"hi",2.85483870967742
"ruki",2,2016,281.249730502861,-0.122389460935034,4393.942774,281.249730502861,-0.122389460935034,4393.942774,2.770704997,"M","rave",1411.15,"feb",0.05,0,0,0.325,0.305555555555556,0.238888888888889,0,1,2,360,0.273,"twn",572666.5375,"low",1.33448275862069
"ruki",3,2016,350.051037037037,-0.14280203522253,2852.424053,350.051037037037,-0.14280203522253,2852.424053,2.770704997,"M","rave",984.95,"mar",0.116666666666667,0,0.00333333333333333,0.406666666666667,0.156666666666667,0.216666666666667,0,1,3,300,0.273,"twn",106302595.085417,"med",2.5
"ruki",8,2015,480.944986449865,0.318674316899469,2835.575203,480.944986449865,0.318674316899469,2835.575203,2.770704997,"M","rave",2876.85,"aug",0.0552486187845304,0.0497237569060773,0.0331491712707182,0.292817679558011,0.359116022099448,0.132596685082873,0,0,1,181,0.273,"twn",521089.197916667,"low",8.24193548387097
"ruki",9,2015,327.69273469304,0.103013138987953,2576.016122,333.046302748742,0.0836379814264711,1846.062259,2.770704997,"M","rave",1996.46666666667,"sep",0.0566666666666667,0,0.01,0.28,0.356666666666667,0.2,0,0,2,300,0.273,"twn",6504451.17291667,"low",7.55
"ruki",10,2015,254.324441056911,-0.108501086126573,2189.0486535,254.324441056911,-0.108501086126573,2189.0486535,2.770704997,"M","rave",1138.6,"oct",0.0833333333333333,0.00666666666666667,0.00666666666666667,0.31,0.27,0.203333333333333,0,0,0,300,0.273,"twn",5597218.68541667,"low",7.49032258064516
"ruki",11,2015,631.471506000774,0.197935353670969,2133.727925,631.471506000774,0.197935353670969,2133.727925,2.770704997,"M","rave",2040.5,"nov",0.0633333333333333,0,0.00333333333333333,0.37,0.306666666666667,0.166666666666667,0,2,3,300,0.273,"twn",119557042.557833,"med",9.96
"ruki",12,2015,363.409055713934,0.113031231819559,2324.17724066667,363.409055713934,0.110055678114217,2246.430177,2.770704997,"M","rave",1298.7,"dec",0.0866666666666667,0.0266666666666667,0,0.316666666666667,0.283333333333333,0.196666666666667,0,0,0,300,0.273,"twn",188108038.364583,"hi",5.9
"safi",1,2016,788.061684762654,-0.000682908614717037,17071.331055,788.061684762654,-0.000682908614717037,17071.331055,1.741273101,"F","saph",1017.06666666667,"jan",0,0.0233333333333333,0.0266666666666667,0.356666666666667,0.363333333333333,0.16,0,0,0,300,0.818,"twn",187602350.308333,"hi",2.85483870967742
"safi",2,2016,271.2030366903,-0.206854660725862,3801.65709866667,230.966592756837,-0.186449011090627,2514.230849,1.741273101,"F","saph",1345.9,"feb",0.00277777777777778,0.05,0.0611111111111111,0.355555555555556,0.252777777777778,0.197222222222222,0,1,0,360,0.818,"twn",572666.5375,"low",1.33448275862069
"safi",3,2016,531.297082735533,-0.251017270104927,28910.59158,531.297082735533,-0.251017270104927,28910.59158,1.741273101,"F","saph",1099.45,"mar",0,0.0533333333333333,0.04,0.346666666666667,0.276666666666667,0.176666666666667,0,0,0,300,0.818,"twn",106302595.085417,"med",2.5
"safi",8,2015,294.398269079465,-0.390814176230441,5418.430042,294.398269079465,-0.390814176230441,5418.430042,1.741273101,"F","saph",1565.9,"aug",0,0.00555555555555556,0.0333333333333333,0.261111111111111,0.4,0.183333333333333,0,0,2,180,0.818,"twn",521089.197916667,"low",8.24193548387097
"safi",9,2015,187.203345886273,-0.0174169822336251,3207.10546266667,207.652377432865,-0.0128036095575314,3267.472666,1.741273101,"F","saph",724.866666666667,"sep",0,0.01875,0.08125,0.2875,0.321875,0.15,0,1,0,320,0.818,"twn",6504451.17291667,"low",7.55
"safi",10,2015,432.654279279279,0.128499279246572,8683.92511266667,336.866869918699,0.0671963904424686,1668.437218,1.741273101,"F","saph",875.85,"oct",0,0.07,0.07,0.226666666666667,0.29,0.183333333333333,0,0,0,300,0.818,"twn",5597218.68541667,"low",7.49032258064516
"safi",11,2015,328.351916376307,0.0753265978075984,6804.854283,328.351916376307,0.0753265978075984,6804.854283,1.741273101,"F","saph",409.8,"nov",0,0.0142857142857143,0.0428571428571429,0.317857142857143,0.314285714285714,0.185714285714286,0,0,0,280,0.818,"twn",119557042.557833,"med",9.96
"safi",12,2015,1655.45198973042,-0.0377150497880645,13113.940423,1655.45198973042,-0.0377150497880645,13113.940423,1.741273101,"F","saph",236,"dec",0,0.00666666666666667,0.0133333333333333,0.323333333333333,0.37,0.183333333333333,0,0,0,300,0.818,"twn",188108038.364583,"hi",5.9
"sevi",1,2016,604.529810298103,-0.21382032844729,11055.979834,604.529810298103,-0.21382032844729,11055.979834,1.735797399,"F","sava",710.95,"jan",0.0199335548172757,0,0.00996677740863787,0.3421926910299,0.352159468438538,0.196013289036545,0,3,2,301,0.87,"tws",238110609.245833,"hi",2.85483870967742
"sevi",2,2016,575.443605616696,-0.153212632834514,9894.1671395,575.443605616696,-0.153212632834514,9894.1671395,1.735797399,"F","sava",1346.9,"feb",0.00819672131147541,0.00819672131147541,0.0327868852459016,0.311475409836066,0.349726775956284,0.188524590163934,0,2,0,366,0.87,"tws",3108847.49027778,"low",1.33448275862069
"sevi",3,2016,687.273472706156,-0.202102969452068,8441.30192366667,687.273472706156,-0.225318193359939,2732.855736,1.735797399,"F","sava",983.9,"mar",0.00668896321070234,0.0234113712374582,0.0100334448160535,0.331103678929766,0.301003344481605,0.190635451505017,0,0,2,299,0.87,"tws",108977575.177778,"med",2.5
"sevi",10,2015,953.257056007683,-0.319680595901531,7456.3582985,929.941961203823,-0.331909067911275,6847.0171715,1.735797399,"F","sava",1083.75,"oct",0,0.003125,0.025,0.315625,0.346875,0.1875,0,0,0,320,0.87,"tws",8685715.30416667,"low",7.49032258064516
"sevi",12,2015,878.770364542355,0.366411902598015,10112.0176055,878.770364542355,0.366411902598015,10112.0176055,1.735797399,"F","sava",727.45,"dec",0.0166666666666667,0.0166666666666667,0.0433333333333333,0.323333333333333,0.293333333333333,0.186666666666667,0,0,1,300,0.87,"tws",237582652.334722,"hi",5.9
"spad",1,2016,480.453861788618,0.0504973754072683,17523.92158,480.453861788618,0.0504973754072683,17523.92158,2.258726899,"F","spik",616.8,"jan",0,0,0,0.243333333333333,0.476666666666667,0.196666666666667,0,2,1,300,0.368,"gn",224542994.659615,"hi",2.85483870967742
"spad",2,2016,583.971459543167,0.0305707876767131,13126.3398445,583.971459543167,0.0305707876767131,13126.3398445,2.258726899,"F","spik",1076.65,"feb",0,0.0416666666666667,0.0833333333333333,0.327777777777778,0.322222222222222,0.161111111111111,0,3,7,360,0.368,"gn",1746739.10288462,"low",1.33448275862069
"spad",3,2016,427.099864498645,-0.0478890206569963,7966.8729485,427.099864498645,-0.0478890206569963,7966.8729485,2.258726899,"F","spik",934.95,"mar",0.00664451827242525,0.0132890365448505,0.0166112956810631,0.401993355481728,0.292358803986711,0.182724252491694,0,1,0,301,0.368,"gn",40715871.9509615,"low",2.5
"spad",8,2015,330.703178441267,0.0628523357527922,2841.738895,330.703178441267,0.0628523357527922,2841.738895,2.258726899,"F","spik",1392.9,"aug",0,0.0773480662983425,0.143646408839779,0.408839779005525,0.176795580110497,0.160220994475138,0,1,2,181,0.368,"gn",44096.4490384615,"low",8.24193548387097
"spad",9,2015,334.236376467931,-0.208509502682223,3798.14729366667,334.236376467931,-0.119613967918071,2842.651863,2.258726899,"F","spik",1642.86666666667,"sep",0,0.0866666666666667,0.0733333333333333,0.293333333333333,0.323333333333333,0.18,0,0,0,300,0.368,"gn",7298089.98653846,"low",7.55
"spad",10,2015,226.09593495935,-0.12264722396917,3093.31615,226.09593495935,-0.12264722396917,3093.31615,2.258726899,"F","spik",701.966666666667,"oct",0.003125,0.0125,0.025,0.2875,0.425,0.178125,0,3,4,320,0.368,"gn",6099094.65192308,"low",7.49032258064516
"spad",11,2015,502.719324577861,0.0656681530069381,14774.85006,502.719324577861,0.0656681530069381,14774.85006,2.258726899,"F","spik",NA,"nov",0,0.0333333333333333,0.0466666666666667,0.36,0.313333333333333,0.183333333333333,0,0,0,300,0.368,"gn",117032983.428846,"med",9.96
"spad",12,2015,464.01037780966,-0.0368452025260381,4981.229723,464.01037780966,-0.0368452025260381,4981.229723,2.258726899,"F","spik",1463.4,"dec",0,0.0102739726027397,0.0513698630136986,0.376712328767123,0.321917808219178,0.198630136986301,0,0,3,292,0.368,"gn",206628053.235577,"hi",5.9
"spor",1,2016,502.514965098136,-0.111376497738204,13268.0527,404.008075880759,-0.0674536840615233,10002.06626,2.168377823,"F","spik",724.333333333333,"jan",0.0133333333333333,0.0166666666666667,0,0.37,0.283333333333333,0.223333333333333,0,0,2,300,0.368,"gn",224542994.659615,"hi",2.85483870967742
"spor",2,2016,535.677379896526,-0.253744782609916,11323.5316166667,535.677379896526,-0.219471915576494,13054.64144,2.168377823,"F","spik",956.55,"feb",0.00555555555555556,0.0361111111111111,0.0138888888888889,0.444444444444444,0.2,0.230555555555556,0,0,0,360,0.368,"gn",1746739.10288462,"low",1.33448275862069
"spor",3,2016,446.787557440792,-0.0394479554330822,3140.394733,446.787557440792,-0.0394479554330822,3140.394733,2.168377823,"F","spik",351.3,"mar",0.02,0.0166666666666667,0.02,0.3,0.333333333333333,0.2,0,0,0,300,0.368,"gn",40715871.9509615,"low",2.5
"spor",8,2015,328.051430292081,-0.18946072851013,2931.924932,328.051430292081,-0.18946072851013,2931.924932,2.168377823,"F","spik",3922.4,"aug",0,0.0220994475138122,0,0.49171270718232,0.237569060773481,0.165745856353591,0,0,0,181,0.368,"gn",44096.4490384615,"low",8.24193548387097
"spor",9,2015,NA,0.00918582376955891,47013.67873,NA,0.00918582376955891,47013.67873,2.168377823,"F","spik",877.1,"sep",0,0.112956810631229,0.0199335548172757,0.299003322259136,0.315614617940199,0.209302325581395,0,0,0,301,0.368,"gn",7298089.98653846,"low",7.55
"spor",11,2015,NA,0.0740186747032404,3808.103829,NA,0.0740186747032404,3808.103829,2.168377823,"F","spik",484,"nov",0,0.05,0,0.433333333333333,0.183333333333333,0.233333333333333,0.02,0,0,300,0.368,"gn",117032983.428846,"med",9.96
"spor",12,2015,402.349013272184,0.0646754201015377,6781.4029575,402.349013272184,0.0646754201015377,6781.4029575,2.168377823,"F","spik",1258.95,"dec",0,0.0566666666666667,0.0133333333333333,0.356666666666667,0.27,0.196666666666667,0,0,0,300,0.368,"gn",206628053.235577,"hi",5.9
"stel",1,2016,522.288753387534,-0.0458452829941404,6469.901043,522.288753387534,-0.0458452829941404,6469.901043,2.223134839,"F","sput",891.7,"jan",0.02,0,0.00333333333333333,0.38,0.303333333333333,0.21,0,0,1,300,0.684,"gn",224542994.659615,"hi",2.85483870967742
"stel",2,2016,950.480038499239,-0.173588904572591,7419.8539465,950.480038499239,-0.173588904572591,7419.8539465,2.223134839,"F","sput",623.9,"feb",0.0166666666666667,0.0194444444444444,0.0333333333333333,0.391666666666667,0.269444444444444,0.208333333333333,0,1,5,360,0.684,"gn",1746739.10288462,"low",1.33448275862069
"stel",3,2016,596.371187895212,0.0496662434641244,4674.83780266667,521.038617886179,0.00867431689946876,2772.041531,2.223134839,"F","sput",775.9,"mar",0.0866666666666667,0.02,0.01,0.36,0.17,0.24,0,0,1,300,0.684,"gn",40715871.9509615,"low",2.5
"stel",10,2015,475.767816194645,0.0937994568888725,3445.90999066667,395.859233449477,0.0900556781142174,3439.535755,2.223134839,"F","sput",989.333333333333,"oct",0.00940438871473354,0.0282131661442006,0.0376175548589342,0.313479623824451,0.341692789968652,0.213166144200627,0,0,0,319,0.684,"gn",6099094.65192308,"low",7.49032258064516
"stel",11,2015,543.541056910569,-0.0363404399357234,2011.513786,543.541056910569,-0.0363404399357234,2011.513786,2.223134839,"F","sput",683.8,"nov",0,0,0,0.356666666666667,0.336666666666667,0.22,0,1,0,300,0.684,"gn",117032983.428846,"med",9.96
"stel",12,2015,262.981402929971,-0.00788263411847254,2772.511626,262.981402929971,-0.00788263411847254,2772.511626,2.223134839,"F","sput",916.1,"dec",0.00333333333333333,0,0,0.343333333333333,0.383333333333333,0.193333333333333,0,0,0,300,0.684,"gn",206628053.235577,"hi",5.9
"stre",1,2016,532.961944686411,0.405064841416227,36726.346015,532.961944686411,0.405064841416227,36726.346015,3.06091718,"F","sput",733.4,"jan",0,0.04,0.0633333333333333,0.45,0.176666666666667,0.19,0,0,0,300,0.684,"gn",224542994.659615,"hi",2.85483870967742
"stre",2,2016,606.226422764228,-0.0916111211349365,8103.89954066667,606.226422764228,-0.10598132529676,8281.998871,3.06091718,"F","sput",1266.45,"feb",0.00277777777777778,0.0555555555555556,0.0722222222222222,0.419444444444444,0.213888888888889,0.172222222222222,0,3,1,360,0.684,"gn",1746739.10288462,"low",1.33448275862069
"stre",3,2016,547.601634045428,0.127046730375569,8429.10077075,542.134589005714,0.0224269883882485,3318.8920215,3.06091718,"F","sput",952.35,"mar",0.00666666666666667,0.0366666666666667,0.0866666666666667,0.52,0.1,0.2,0,0,0,300,0.684,"gn",40715871.9509615,"low",2.5
"stre",9,2015,416.269949580478,0.0594928012654203,7832.59386466667,410.338593974175,0.0400556781142174,7510.929651,3.06091718,"F","sput",1467.2,"sep",0,0.106666666666667,0.0766666666666667,0.29,0.353333333333333,0.123333333333333,0,0,4,300,0.684,"gn",7298089.98653846,"low",7.55
"stre",10,2015,454.361374172812,-0.0771640275111182,5739.02520566667,454.361374172812,-0.069286757641198,2747.79426,3.06091718,"F","sput",1713.55,"oct",0,0.01875,0,0.30625,0.340625,0.21875,0,0,0,320,0.684,"gn",6099094.65192308,"low",7.49032258064516
"stre",11,2015,609.208888888889,0.116555566791221,42124.74444,609.208888888889,0.116555566791221,42124.74444,3.06091718,"F","sput",951.5,"nov",0,0.01,0.0733333333333333,0.323333333333333,0.323333333333333,0.193333333333333,0,0,0,300,0.684,"gn",117032983.428846,"med",9.96
"stre",12,2015,618.587456445993,0.327114965617607,24653.144076,618.587456445993,0.327114965617607,24653.144076,3.06091718,"F","sput",1245.05,"dec",0,0.0166666666666667,0.0333333333333333,0.406666666666667,0.23,0.243333333333333,0,0,2,300,0.684,"gn",206628053.235577,"hi",5.9
"tatu",1,2016,356.108085896076,-0.0210902800338607,4107.539643,356.108085896076,-0.0210902800338607,4107.539643,2.945927447,"M","twin",446.05,"jan",0.0166666666666667,0,0,0.343333333333333,0.396666666666667,0.18,0,0,0,300,1,"tws",238110609.245833,"hi",2.85483870967742
"tatu",2,2016,523.119454906693,0.223576520898204,10433.005155,523.119454906693,0.223576520898204,10433.005155,2.945927447,"M","twin",897.75,"feb",0.0138888888888889,0.00277777777777778,0,0.394444444444444,0.327777777777778,0.177777777777778,0,5,4,360,1,"tws",3108847.49027778,"low",1.33448275862069
"tatu",3,2016,680.00382938612,0.154613180733193,15408.718859,680.00382938612,0.154613180733193,15408.718859,2.945927447,"M","twin",716.366666666667,"mar",0.0267558528428094,0.00668896321070234,0,0.387959866220736,0.25752508361204,0.22742474916388,0.00334448160535117,1,0,299,1,"tws",108977575.177778,"med",2.5
"tatu",8,2015,469.173436640381,0.0228938411705644,3334.0287,469.173436640381,0.0228938411705644,3334.0287,2.945927447,"M","twin",868.1,"aug",0.0833333333333333,0,0,0.272222222222222,0.394444444444444,0.166666666666667,0,2,1,180,1,"tws",7755239.42916667,"low",8.24193548387097
"tatu",9,2015,485.201125847664,0.5199323830477,6984.726891,485.201125847664,0.5199323830477,6984.726891,2.945927447,"M","twin",294.5,"sep",0,0.0166666666666667,0.00333333333333333,0.443333333333333,0.283333333333333,0.18,0.00333333333333333,0,0,300,1,"tws",13291529.0777778,"low",7.55
"tatu",10,2015,546.202294608472,0.0920693648228128,1997.002622,546.202294608472,0.0763345228122807,2103.192249,2.945927447,"M","twin",664.833333333333,"oct",0.00623052959501558,0.0124610591900312,0.00934579439252336,0.395638629283489,0.26791277258567,0.21183800623053,0,0,4,321,1,"tws",8685715.30416667,"low",7.49032258064516
"tatu",11,2015,849.556368563686,0.232664408136642,3992.2643515,849.556368563686,0.232664408136642,3992.2643515,2.945927447,"M","twin",669.4,"nov",0,0.0233333333333333,0.01,0.363333333333333,0.266666666666667,0.2,0,1,0,300,1,"tws",131187483.281444,"med",9.96
"tatu",12,2015,1531.09913453973,0.646368406339466,3466.1395587,1531.09913453973,0.646368406339466,3466.1395587,2.945927447,"M","twin",265.2,"dec",0.0566666666666667,0.00333333333333333,0,0.38,0.296666666666667,0.186666666666667,0,1,3,300,1,"tws",237582652.334722,"hi",5.9
"tesl",1,2016,638.198646925962,-0.0960962829901867,8979.096962,638.198646925962,-0.0960962829901867,8979.096962,1.49486653,"F","twin",973.9,"jan",0.0166666666666667,0.05,0.01,0.33,0.3,0.206666666666667,0,2,1,300,1,"tws",238110609.245833,"hi",2.85483870967742
"tesl",2,2016,474.665917587381,-0.226826075834045,9850.795284,474.665917587381,-0.226826075834045,9850.795284,1.49486653,"F","twin",652.4,"feb",0,0.00526315789473684,0.00263157894736842,0.334210526315789,0.394736842105263,0.157894736842105,0,1,2,380,1,"tws",3108847.49027778,"low",1.33448275862069
"tesl",3,2016,411.662391921538,-0.120484843488869,4250.33601,393.333449477352,-0.0528036095575314,3743.731673,1.49486653,"F","twin",870.3,"mar",0.0566666666666667,0.0366666666666667,0.0566666666666667,0.376666666666667,0.173333333333333,0.183333333333333,0.0433333333333333,2,1,300,1,"tws",108977575.177778,"med",2.5
"tesl",10,2015,390.026821450907,-0.0658109571202333,2860.629902,390.026821450907,-0.0658109571202333,2860.629902,1.49486653,"F","twin",352.6,"oct",0,0.1,0.028125,0.290625,0.275,0.171875,0,0,1,320,1,"tws",8685715.30416667,"low",7.49032258064516
"tesl",11,2015,688.532871701948,0.23071843106189,8064.5141095,688.532871701948,0.23071843106189,8064.5141095,1.49486653,"F","twin",1314.55,"nov",0,0.0733333333333333,0.0566666666666667,0.25,0.313333333333333,0.193333333333333,0,1,0,300,1,"tws",131187483.281444,"med",9.96
"tesl",12,2015,973.32918271288,0.0911254259814683,5768.4750395,973.32918271288,0.0911254259814683,5768.4750395,1.49486653,"F","twin",467,"dec",0.00333333333333333,0.0133333333333333,0.00333333333333333,0.29,0.376666666666667,0.176666666666667,0,0,0,300,1,"tws",237582652.334722,"hi",5.9
"ting",1,2016,1814.81855571497,-0.151942560773631,15671.37298,1814.81855571497,-0.151942560773631,15671.37298,2.704996578,"M","tang",687.35,"jan",0.0266666666666667,0.00333333333333333,0.00333333333333333,0.503333333333333,0.19,0.203333333333333,0,0,1,300,0.526,"gn",224542994.659615,"hi",2.85483870967742
"ting",2,2016,1065.2760883597,-0.0908600656702784,11069.8363605,1065.2760883597,-0.0908600656702784,11069.8363605,2.704996578,"M","tang",680.2,"feb",0.00833333333333333,0.0416666666666667,0.0194444444444444,0.475,0.233333333333333,0.188888888888889,0,9,3,360,0.526,"gn",1746739.10288462,"low",1.33448275862069
"ting",3,2016,438.131672473868,0.170570787676713,9054.8902525,438.131672473868,0.170570787676713,9054.8902525,2.704996578,"M","tang",754,"mar",0.0635451505016722,0,0,0.270903010033445,0.284280936454849,0.274247491638796,0.0468227424749164,0,1,299,0.526,"gn",40715871.9509615,"low",2.5
"ting",10,2015,285.386880046423,-0.138756612041976,8586.57019433333,306.287351106069,-0.142918567250959,5833.073502,2.704996578,"M","tang",589.2,"oct",0.021875,0.021875,0.01875,0.41875,0.278125,0.1625,0,1,1,320,0.526,"gn",6099094.65192308,"low",7.49032258064516
"ting",11,2015,663.578418329638,0.208006346918179,8433.056911,663.578418329638,0.208006346918179,8433.056911,2.704996578,"M","tang",1012.95,"nov",0.0132890365448505,0.0332225913621262,0,0.435215946843854,0.345514950166113,0.129568106312292,0,0,1,301,0.526,"gn",117032983.428846,"med",9.96
"ting",12,2015,482.849059640972,0.107741685902589,10411.6235533333,347.831068524971,-0.0646734021924016,5558.816802,2.704996578,"M","tang",941.15,"dec",0.01,0,0.00333333333333333,0.413333333333333,0.28,0.203333333333333,0,2,0,300,0.526,"gn",206628053.235577,"hi",5.9
"amos",8,2015,NA,NA,NA,NA,NA,NA,NA,NA,NA,1181.7,"aug",0.0391061452513966,0,0,0.329608938547486,0.402234636871508,0.100558659217877,0,4,1,179,0.636,"twn",521089.197916667,"low",8.24193548387097
"blas",9,2015,NA,NA,NA,NA,NA,NA,NA,NA,NA,264.6,"sep",0.0133333333333333,0.05,0.0333333333333333,0.346666666666667,0.323333333333333,0.18,0,1,2,300,0.13,"tws",13291529.0777778,"low",7.55
"brog",11,2015,NA,NA,NA,NA,NA,NA,NA,NA,NA,701.1,"nov",0,0.00668896321070234,0.0568561872909699,0.481605351170569,0.234113712374582,0.147157190635452,0,1,0,299,0.826,"tws",131187483.281444,"med",9.96
"dais",8,2015,NA,NA,NA,NA,NA,NA,NA,NA,NA,1233.95,"aug",0,0,0,0.355555555555556,0.311111111111111,0.216666666666667,0,0,4,180,0,"gn",44096.4490384615,"low",8.24193548387097
"dais",9,2015,NA,NA,NA,NA,NA,NA,NA,NA,NA,993.9,"sep",0,0.0666666666666667,0.0466666666666667,0.29,0.443333333333333,0.113333333333333,0,0,0,300,0,"gn",7298089.98653846,"low",7.55
"davi",8,2015,NA,NA,NA,NA,NA,NA,NA,NA,NA,1427.5,"aug",0,0.0555555555555556,0.0166666666666667,0.333333333333333,0.3,0.177777777777778,0,2,0,180,1,"twn",521089.197916667,"low",8.24193548387097
"dext",8,2015,NA,NA,NA,NA,NA,NA,NA,NA,NA,1936.6,"aug",0,0.0111111111111111,0,0.444444444444444,0.233333333333333,0.211111111111111,0,0,0,180,0.579,"gn",44096.4490384615,"low",8.24193548387097
"kabu",8,2015,NA,NA,NA,NA,NA,NA,NA,NA,NA,2038.7,"aug",0,0.0388888888888889,0,0.294444444444444,0.35,0.2,0,0,0,180,0.455,"twn",521089.197916667,"low",8.24193548387097
"kabu",9,2015,NA,NA,NA,NA,NA,NA,NA,NA,NA,1535.55,"sep",0,0,0.01,0.236666666666667,0.433333333333333,0.19,0,0,0,300,0.455,"twn",6504451.17291667,"low",7.55
"king",9,2015,NA,NA,NA,NA,NA,NA,NA,NA,NA,1163.1,"sep",0.00333333333333333,0.0333333333333333,0.0166666666666667,0.353333333333333,0.323333333333333,0.16,0,1,0,300,0.364,"twn",6504451.17291667,"low",7.55
"mayh",8,2015,NA,NA,NA,NA,NA,NA,NA,NA,NA,849.3,"aug",0,0.00555555555555556,0.0111111111111111,0.266666666666667,0.477777777777778,0.166666666666667,0,4,1,180,0.789,"gn",44096.4490384615,"low",8.24193548387097
"onyx",9,2015,NA,NA,NA,NA,NA,NA,NA,NA,NA,1264.55,"sep",0.06,0.0333333333333333,0,0.303333333333333,0.293333333333333,0.18,0,0,0,300,0.909,"twn",6504451.17291667,"low",7.55
"peke",9,2015,NA,NA,NA,NA,NA,NA,NA,NA,NA,765,"sep",0.0568561872909699,0.00334448160535117,0,0.505016722408027,0.220735785953177,0.183946488294314,0,1,4,299,0.174,"tws",13291529.0777778,"low",7.55
"sevi",11,2015,NA,NA,NA,NA,NA,NA,NA,NA,NA,395.25,"nov",0.0233333333333333,0,0.00666666666666667,0.296666666666667,0.37,0.18,0,1,2,300,0.87,"tws",131187483.281444,"med",9.96
"spor",10,2015,NA,NA,NA,NA,NA,NA,NA,NA,NA,1547.26666666667,"oct",0,0.0125,0.059375,0.309375,0.415625,0.1625,0,0,1,320,0.368,"gn",6099094.65192308,"low",7.49032258064516
"stel",8,2015,NA,NA,NA,NA,NA,NA,NA,NA,NA,1856.7,"aug",0,0.035,0.025,0.29,0.44,0.15,0,0,4,200,0.684,"gn",44096.4490384615,"low",8.24193548387097
"stel",9,2015,NA,NA,NA,NA,NA,NA,NA,NA,NA,1519.7,"sep",0,0.0433333333333333,0.0466666666666667,0.34,0.27,0.226666666666667,0,0,0,300,0.684,"gn",7298089.98653846,"low",7.55
"tesl",9,2015,NA,NA,NA,NA,NA,NA,NA,NA,NA,808.5,"sep",0,0.046875,0.003125,0.325,0.253125,0.26875,0,2,0,320,1,"tws",13291529.0777778,"low",7.55
"brav",8,2015,NA,NA,NA,NA,NA,NA,NA,NA,NA,NA,"aug",0,0.0444444444444444,0.0111111111111111,0.577777777777778,0.116666666666667,0.177777777777778,0,0,2,180,0.826,"tws",7755239.42916667,"low",8.24193548387097
"mayh",9,2015,NA,NA,NA,NA,NA,NA,NA,NA,NA,NA,"sep",0,0.03,0.0633333333333333,0.29,0.413333333333333,0.166666666666667,0,2,0,300,0.789,"gn",7298089.98653846,"low",7.55
"sevi",8,2015,NA,NA,NA,NA,NA,NA,NA,NA,NA,NA,"aug",0,0.0666666666666667,0.0611111111111111,0.261111111111111,0.316666666666667,0.177777777777778,0,0,0,180,0.87,"tws",7755239.42916667,"low",8.24193548387097
"sevi",9,2015,NA,NA,NA,NA,NA,NA,NA,NA,NA,NA,"sep",0,0.0933333333333333,0.0533333333333333,0.22,0.393333333333333,0.153333333333333,0,0,1,300,0.87,"tws",13291529.0777778,"low",7.55
"stre",8,2015,NA,NA,NA,NA,NA,NA,NA,NA,NA,NA,"aug",0,0,0.0388888888888889,0.411111111111111,0.322222222222222,0.133333333333333,0,0,2,180,0.684,"gn",44096.4490384615,"low",8.24193548387097
"tesl",8,2015,NA,NA,NA,NA,NA,NA,NA,NA,NA,NA,"aug",0,0.00555555555555556,0,0.238888888888889,0.372222222222222,0.283333333333333,0,0,2,180,1,"tws",7755239.42916667,"low",8.24193548387097
