subj,group,year,month,sex,age,mrank,log2_neo,log2_cp_tar,cr_resid,sample_interval
petr,twn,2015,8,F,5.366187542778919,0.091,9.017456693657978,11.41235044924293,0.34917141220009695,15
boyd,tws,2015,8,F,3.36208076659822,0.217,8.208963054935081,12.020062969668352,-0.16341845120400192,48
bike,tws,2015,8,M,6.3874058863791925,0.261,8.538929298165684,10.259155057184712,-0.013200990620893388,39
atom,tws,2015,8,F,6.477754962354552,0.556,9.079754418952692,12.270350543333,-0.015275912741010669,28
ruki,twn,2015,8,M,4.479123887748118,0.273,8.909728068561964,11.954358018025042,0.31844530226014145,22
keny,twn,2015,8,M,5.516769336071184,0.455,10.012519032512952,11.808279484959739,-0.43658426206805834,18
peke,tws,2015,8,M,4.6242299794661195,0.174,9.18015897969032,12.74135559443218,-0.0608285877999183,14
king,twn,2015,8,M,3.783709787816564,0.364,7.419815652822064,11.614315789132537,0.05641059224775992,68
spad,gn,2015,8,F,5.5715263518138265,0.368,7.6202768696544405,11.741724549152423,-0.029891038074961563,1
allo,twn,2015,8,M,2.349075975359343,0.636,8.765139012570174,12.923487537367999,0.16372868751339653,49
mole,gn,2015,8,F,2.329911019849418,0.737,7.005338411381506,10.234982696837164,-0.2098910380749615,28
dann,gn,2015,8,M,2.532511978097194,0,8.105940202446627,11.385843345738856,-0.3493045783999621,8
ropa,gn,2015,8,M,5.650924024640657,0.263,NA,12.113183195298062,-0.006271312486603401,11
renl,gn,2015,8,M,2.299794661190965,0.263,8.89313279771431,12.248978903610757,-0.29370115863465773,7
pira,gn,2015,8,M,4.547570157426421,0.947,8.091355612466796,13.009417268107974,-0.09370115863465765,12
spad,gn,2015,8,F,5.5715263518138265,0.368,8.859996180067832,11.867062209427079,0.15570527637610435,28
burn,tws,2015,8,F,6.458590006844627,0.13,NA,12.671887852542215,0.26372868751339656,3
burn,tws,2015,8,F,6.458590006844627,0.13,8.578124635348802,13.648551417392778,-0.2265842620680584,10
mend,gn,2015,8,F,5.5277207392197125,0.737,NA,12.298451954255995,0.0792739861290274,3
dubl,tws,2015,8,M,6.444900752908967,0.957,8.271940956798305,10.86611630151128,0.2553986391054187,13
petr,twn,2015,8,F,5.366187542778919,0.091,9.033259775470826,11.975577061436564,-0.04429472362389561,19
renl,gn,2015,8,M,2.299794661190965,0.263,8.883599735484419,10.243050581076577,-0.13639098207037337,1
dean,gn,2015,8,M,4.596851471594798,0.211,6.991199617690583,11.604831522648068,-0.1477135420258984,15
mend,gn,2015,8,F,5.5277207392197125,0.737,6.761865899378272,11.020826778512543,-0.11028685203322891,18
renl,gn,2015,8,M,2.299794661190965,0.263,8.98418967853722,11.437463719769411,-0.16460136089458122,17
dann,gn,2015,8,M,2.532511978097194,0,7.589941265408535,13.900025173126664,-0.49341845120399724,40
safi,twn,2015,8,F,2.4668035592060233,0.818,8.201625378840122,12.638658114859807,-0.39072601387097255,17
pam,twn,2015,8,F,2.43668720054757,0.091,9.778292193880908,11.29442096605321,-0.04978587063235114,2
bong,tws,2015,8,M,2.2806297056810405,0.696,8.432764560621006,11.600291316348699,-0.21939689085928452,25
ropa,gn,2015,8,M,5.650924024640657,0.263,6.834107157288415,16.058056121116515,0.0405689178310669,14
pira,gn,2015,8,M,4.547570157426421,0.947,7.297961681917723,9.589191873629154,-0.07320099062089351,35
peke,tws,2015,8,M,4.6242299794661195,0.174,8.384382710107257,13.300212170894333,-0.06427762796907138,2
blas,tws,2015,8,M,3.5318275154004106,0.13,7.0409926811757995,12.55525922084025,0.11010896192503845,62
tatu,tws,2015,8,M,6.455852156057495,1,6.946973161251813,11.333140011062184,-0.023200990620893463,1
fris,tws,2015,8,M,6.464065708418891,0.625,9.934360612472311,11.802847560854678,-0.0242947236238957,29
tatu,tws,2015,8,M,6.455852156057495,1,9.670596332993245,12.640907013973914,0.06866754577285719,21
pam,twn,2015,8,F,2.43668720054757,0.091,NA,13.083179737107587,-0.1799594206942587,12
burn,tws,2015,8,F,6.458590006844627,0.13,9.264146497427431,13.064921964527345,-0.1406571093772441,8
dame,tws,2015,8,F,3.6030116358658453,0.957,8.551558788093313,9.879872088005195,-0.20946105319068953,6
peke,tws,2015,8,M,4.6242299794661195,0.174,9.706317583445774,12.663933305143656,-0.15641069162250662,1
brog,tws,2015,8,F,6.576317590691307,0.826,9.135053532490636,12.15609358801693,-0.06946105319068956,1
keny,twn,2015,8,M,5.516769336071184,0.455,9.188887863256245,12.27937067311643,0.18572237203092865,6
onyx,twn,2015,8,M,2.507871321013005,0.909,8.680595224912008,13.660498845740511,-0.3113324542271428,35
brog,tws,2015,8,F,6.576317590691307,0.826,9.344650447932583,11.997554968330972,0.04570527637610436,19
peke,tws,2015,8,M,4.6242299794661195,0.174,9.244350297613332,12.46957523492127,0.03372868751339653,41
dubl,tws,2015,8,M,6.444900752908967,0.957,10.18184109613532,13.063655697564439,0.34228645797410157,10
spor,gn,2015,8,F,1.9356605065023955,0.368,8.357778200992522,11.629640840645799,-0.18939689085928454,14
stre,gn,2015,9,F,6.532511978097194,0.684,9.083228608421157,12.430239905611222,0.040040579305741286,2
davi,twn,2015,9,F,2.0150581793292264,1,6.7372226063067595,11.772267011003631,-0.0077713920465343235,29
ruki,twn,2015,9,M,4.563997262149213,0.273,8.552214111766125,10.91359013205607,0.245347352140946,10
dame,tws,2015,9,F,3.6878850102669403,0.957,7.9005919547017545,12.634310469569394,0.0105073693969706,26
brav,tws,2015,9,M,2.4695414099931554,0.826,10.24334858411563,11.66046819700923,0.22358930837749338,33
stre,gn,2015,9,F,6.532511978097194,0.684,8.680671041584109,12.910911201406412,0.22796141651408788,27
keny,twn,2015,9,M,5.601642710472279,0.455,8.74378867369445,11.240465870893967,-0.053589407752240054,28
amos,twn,2015,9,M,5.577002053388091,0.636,9.7293185140166,11.087371449587838,-0.03939689085928451,3
dean,gn,2015,9,M,4.681724845995893,0.211,NA,NA,-0.030286852033228954,3
burn,tws,2015,9,F,6.543463381245722,0.13,8.215470807376668,11.567432406351974,-0.03943108216893307,24
dean,gn,2015,9,M,4.681724845995893,0.211,8.019052002352185,10.01782387627315,-0.09155469773985858,22
atom,tws,2015,9,F,6.562628336755647,0.556,10.420958436015258,14.912643612447289,0.42714775666079313,10
ropa,gn,2015,9,M,5.735797399041752,0.263,8.44546689162318,11.48693854075138,-0.3219018182473179,1
safi,twn,2015,9,F,2.5516769336071183,0.818,6.802651764901057,11.85693089734101,0.052286457974101586,2
amos,twn,2015,9,M,5.577002053388091,0.636,NA,11.202821285275164,-0.09082858779991827,10
renl,gn,2015,9,M,2.3846680355920604,0.263,8.419454482450698,11.669255947792617,-0.16924357222394176,1
pam,twn,2015,9,F,2.521560574948665,0.091,7.553325828880634,13.373493917332619,-0.12203858348591216,23
petr,twn,2015,9,F,5.451060917180014,0.091,9.608027063938666,12.8331503091122,0.008098181752682097,10
mend,gn,2015,9,F,5.6125941136208075,0.737,NA,10.350158726948164,-0.0902868520332289,2
renl,gn,2015,9,M,2.3846680355920604,0.263,8.381873970876056,10.432632619303282,-0.26943108216893313,28
ropa,gn,2015,9,M,5.735797399041752,0.263,8.923645841389341,11.359853845625967,-0.1613324542271428,23
safi,twn,2015,9,F,2.5516769336071183,0.818,7.920782672861026,11.779527918351159,-0.013200990620893568,13
mole,gn,2015,9,F,2.414784394250513,0.737,7.485460691731272,11.775980144156975,-0.2594310821689331,22
spad,gn,2015,9,F,5.6563997262149215,0.368,8.837713923582434,12.464682736698288,-0.036584262068058454,19
dubl,tws,2015,9,M,6.529774127310062,0.957,10.308426643284538,13.160059654830016,1.0625257971416413,25
mend,gn,2015,9,F,5.6125941136208075,0.737,7.519953076138069,10.844078753764185,0.0105073693969706,27
ruki,twn,2015,9,M,4.563997262149213,0.273,8.379578955966723,12.43811452765256,-0.01995942069425866,11
spor,gn,2015,9,F,2.020533880903491,0.368,NA,15.504071018647693,0.009273986129027472,73
bike,tws,2015,9,M,6.4722792607802875,0.261,7.970600674480962,11.903468363968384,-0.16203858348591213,3
dext,gn,2015,9,M,2.4777549623545516,0.579,NA,10.984859063398043,-0.27001332155604035,17
tatu,tws,2015,9,M,6.54072553045859,1,9.629059632519668,13.370567654068983,0.8592739861290274,2
brog,tws,2015,9,F,6.661190965092403,0.826,10.47153274631216,14.786409450346904,0.8921786562505383,20
bike,tws,2015,9,M,6.4722792607802875,0.261,NA,13.825315563673355,-0.07072601387097262,0
petr,twn,2015,9,F,5.451060917180014,0.091,NA,12.445860505778578,-0.24943108216893312,35
atom,tws,2015,9,F,6.562628336755647,0.556,8.072193255658117,12.350610108029,0.10473407759957475,18
bike,tws,2015,9,M,6.4722792607802875,0.261,8.887458607098457,11.348873241791027,0.05844530226014144,11
amos,twn,2015,9,M,5.577002053388091,0.636,8.712269598145742,11.42799986122398,-0.10082858779991828,12
tatu,tws,2015,9,M,6.54072553045859,1,7.4803077247080445,11.304040415407112,0.18050736939697065,24
bong,tws,2015,9,M,2.3655030800821355,0.696,8.742393626614682,11.71109103091241,0.010756427776058234,10
boyd,tws,2015,9,F,3.4469541409993156,0.217,6.762182418695225,11.260058687237615,-0.09526592240042521,3
ruki,twn,2015,9,M,4.563997262149213,0.273,8.101452083108665,10.762862223399255,0.08372868751339657,28
safi,twn,2015,9,F,2.5516769336071183,0.818,7.698026579191995,11.799825594048434,-0.09190181824731788,14
fris,tws,2015,9,M,6.548939082819986,0.625,7.827350748472863,12.91199424449374,0.14572237203092872,26
boyd,tws,2015,9,F,3.4469541409993156,0.217,7.36011843069691,11.51354104875321,-0.19072601387097257,7
bong,tws,2015,9,M,2.3655030800821355,0.696,7.510625155727557,12.400280662652,0.0253473521409459,1
burn,tws,2015,9,F,6.543463381245722,0.13,6.990356335975385,9.053915275078129,-0.23133245422714285,8
dame,tws,2015,9,F,3.6878850102669403,0.957,6.367779140990269,11.660150424830332,-0.13639098207037337,3
bike,tws,2015,9,M,6.4722792607802875,0.261,6.217559027660662,12.74495932440303,-0.11989103807496156,9
dean,gn,2015,9,M,4.681724845995893,0.211,8.116500342468004,11.815832287449169,-0.010051753537225223,30
bong,tws,2015,9,M,2.3655030800821355,0.696,NA,12.104430820213802,-0.09535140067454673,2
amos,twn,2015,9,M,5.577002053388091,0.636,7.217908822390142,11.579268742218643,-0.13289326883405628,1
spad,gn,2015,9,F,5.6563997262149215,0.368,NA,11.256253063016876,-0.11982528973661742,1
pira,gn,2015,9,M,4.632443531827516,0.947,9.365673295404708,11.842682800629644,0.07372868751339656,2
allo,twn,2015,9,M,2.433949349760438,0.636,7.515011302921826,11.780186984499071,-0.37526592240042517,1
spad,gn,2015,9,F,5.6563997262149215,0.368,7.720726387037961,11.243054948760866,-0.4693045783999621,6
dann,gn,2015,9,M,2.617385352498289,0,8.140087162785619,11.481578318089838,-0.1342776279690713,16
stre,gn,2015,9,F,6.532511978097194,0.684,8.209772697130989,13.345564769330418,-0.0896756491310908,9
amos,twn,2015,9,M,5.577002053388091,0.636,9.717830450703612,12.587683770930118,-0.0450707852667635,6
pam,twn,2015,9,F,2.521560574948665,0.091,8.167126415537972,13.203302782319046,-0.059304578399962185,6
davi,twn,2015,9,F,2.0150581793292264,1,7.562762250482095,11.654567680544437,0.11360901792962655,1
mole,gn,2015,10,F,2.4969199178644765,0.737,8.43632258409046,10.857967996735276,-0.15028685203322895,1
davi,twn,2015,10,F,2.0971937029431897,1,8.287868760779984,13.280593764284369,-0.24429472362389565,12
allo,twn,2015,10,M,2.516084873374401,0.636,7.6241249405605895,9.1900926331666,-0.17028685203322885,5
bong,tws,2015,10,M,2.4476386036960984,0.696,8.104915576859225,10.193868366884173,-0.21949263060302937,19
dame,tws,2015,10,F,3.7700205338809036,0.957,9.152847432463956,11.885816641017959,-0.5252759127410108,7
keny,twn,2015,10,M,5.683778234086242,0.455,9.004131550032087,12.15945636996112,-0.42939689085928445,5
ropa,gn,2015,10,M,5.817932922655715,0.263,9.482045888445962,12.097363245580054,-0.41370115863465773,5
mayh,gn,2015,10,F,5.587953456536619,0.789,8.459661186680322,13.098548410256548,-0.45370115863465765,5
pira,gn,2015,10,M,4.714579055441479,0.947,8.728303288618237,12.40839344397001,-0.23946105319068955,11
dext,gn,2015,10,M,2.5598904859685145,0.579,NA,11.559749858188251,-0.23939689085928445,20
mole,gn,2015,10,F,2.4969199178644765,0.737,7.133573855826945,11.184828625213735,-0.1342947236238957,3
boyd,tws,2015,10,F,3.5290896646132786,0.217,NA,11.674075831579133,0.16075642777605825,6
onyx,twn,2015,10,M,2.674880219028063,0.909,6.751541035309705,12.295031562111117,-0.20939689085928456,11
mole,gn,2015,10,F,2.4969199178644765,0.737,9.29255386750092,12.257474148393673,-0.0754810605989022,52
dubl,tws,2015,10,M,6.611909650924025,0.957,8.773148366659125,12.90098321025298,0.37570527637610435,2
atom,tws,2015,10,F,6.6447638603696095,0.556,10.020188061687593,13.862894721688281,0.25492921473323654,3
sevi,tws,2015,10,F,2.518822724161533,0.87,9.401729655185468,13.727455699604523,-0.1613324542271428,3
brav,tws,2015,10,M,2.5516769336071183,0.826,NA,13.100796951884982,-0.1362713124866034,8
allo,twn,2015,10,M,2.516084873374401,0.636,8.826153522157211,10.518217760311687,0.050040579305741295,3
safi,twn,2015,10,F,2.6338124572210813,0.818,9.610803605720523,14.533064925163584,0.4347240872589894,16
keny,twn,2015,10,M,5.683778234086242,0.455,9.108639352047582,14.171194130639874,-0.04939689085928453,7
renl,gn,2015,10,M,2.4668035592060233,0.263,9.169090180269798,11.17442458270775,-0.07427762796907139,43
ropa,gn,2015,10,M,5.817932922655715,0.263,NA,13.532447141157968,-0.22065710937724395,1
mayh,gn,2015,10,F,5.587953456536619,0.789,NA,12.71452548235889,-0.18465264785905405,2
burn,tws,2015,10,F,6.625598904859685,0.13,8.2334557523976,13.714477505201263,0.22927398612902747,1
brog,tws,2015,10,F,6.743326488706366,0.826,9.66002488899389,11.834094229058156,0.28050736939697063,2
pam,twn,2015,10,F,2.6036960985626285,0.091,8.807741306483667,15.24753487533807,-0.015265922400425246,3
amos,twn,2015,10,M,5.6591375770020536,0.636,9.563075491693324,13.393038185946612,-0.2098910380749615,2
spad,gn,2015,10,F,5.738535249828884,0.368,7.820791243488634,11.64005146283367,-0.09526592240042521,10
dubl,tws,2015,10,M,6.611909650924025,0.957,8.59909505773504,12.588200055972568,-0.10639098207037342,6
burn,tws,2015,10,F,6.625598904859685,0.13,8.840266499111303,12.979870010239102,0.16238246884688418,8
bike,tws,2015,10,M,6.55441478439425,0.261,9.083373680266265,11.565830506175397,-0.049891038074961466,1
mend,gn,2015,10,F,5.69472963723477,0.737,7.354844893090792,13.677598639788108,0.14866754577285726,21
ropa,gn,2015,10,M,5.817932922655715,0.263,8.14503625322652,13.585741041128612,-0.11943108216893307,50
ting,gn,2015,10,M,4.739219712525667,0.526,8.25874197828081,14.149913884295296,-0.1428932688340563,9
dais,gn,2015,10,F,5.645448323066393,0,7.6407363312515795,10.964031628029216,-0.05527591274101072,2
amos,twn,2015,10,M,5.6591375770020536,0.636,8.994358266532881,12.168705152502675,-0.04535140067454668,13
stel,gn,2015,10,F,2.4394250513347022,0.684,7.054783059796,12.388940410688658,-0.04427762796907135,18
mayh,gn,2015,10,F,5.587953456536619,0.789,8.686799827334163,12.136440857191541,0.16004057930574128,47
peke,tws,2015,10,M,4.791238877481177,0.174,8.026227179536239,11.043046916727835,0.04927398612902739,18
bike,tws,2015,10,M,6.55441478439425,0.261,9.87591944328871,13.565144714110566,0.2937286875133966,0
dame,tws,2015,10,F,3.7700205338809036,0.957,9.100059542376107,11.29277205410691,0.10056891783106695,1
atom,tws,2015,10,F,6.6447638603696095,0.556,9.682147699892031,13.96077048449672,-0.11611404469240645,1
boyd,tws,2015,10,F,3.5290896646132786,0.217,8.973845863977969,10.832131492718386,0.04572237203092862,7
brog,tws,2015,10,F,6.743326488706366,0.826,9.528610491995325,10.984868059260588,0.25473407759957484,5
sevi,tws,2015,10,F,2.518822724161533,0.87,8.717861600892524,12.24412797596177,-0.3376175311531158,4
bike,tws,2015,10,M,6.55441478439425,0.261,8.591144346818815,13.610800263639728,-0.10526592240042522,47
dais,gn,2015,10,F,5.645448323066393,0,9.51363725720958,10.959118980728729,0.09464859932545328,7
dame,tws,2015,10,F,3.7700205338809036,0.957,7.916863835199261,11.507971439079128,0.0523824688468842,49
atom,tws,2015,10,F,6.6447638603696095,0.556,9.473576759463224,13.346086210040102,0.1137286875133966,34
pam,twn,2015,10,F,2.6036960985626285,0.091,8.407590589764753,13.627254694261062,-0.33072601387097256,48
allo,twn,2015,10,M,2.516084873374401,0.636,9.524314791555042,10.13761049525967,0.11056891783106684,12
stre,gn,2015,10,F,6.614647501711157,0.684,9.066080131931505,13.543432138939252,0.027106731165943858,13
sevi,tws,2015,10,F,2.518822724161533,0.87,10.581285578355667,13.26480984429966,-0.4535780821501094,3
tatu,tws,2015,10,M,6.622861054072553,1,9.186736096365326,11.702724182988915,0.14917141220008176,1
pira,gn,2015,10,M,4.714579055441479,0.947,8.50318519435558,12.413917388106231,-0.08072601387097263,42
brog,tws,2015,10,F,6.743326488706366,0.826,9.030367800565092,10.58174298489778,0.2634157379319416,2
davi,twn,2015,10,F,2.0971937029431897,1,7.956716038238181,13.115124877335877,-0.37427762796907127,14
keny,twn,2015,10,M,5.683778234086242,0.455,8.114022548744487,11.304987200979939,-0.09639098207037342,21
onyx,twn,2015,10,M,2.674880219028063,0.909,8.119977555626097,12.943607385431363,-0.3062713124866035,8
dubl,tws,2015,10,M,6.611909650924025,0.957,9.0031220463486,11.80573522064466,0.09464859932545328,21
tatu,tws,2015,10,M,6.622861054072553,1,8.993372793172357,10.65219556809132,0.07604240654297807,2
brav,tws,2015,10,M,2.5516769336071183,0.826,9.15534423827686,12.404387149325085,0.18534735214094594,16
sevi,tws,2015,10,F,2.518822724161533,0.87,10.20882621756599,11.89995285929802,-0.3261140446924065,50
burn,tws,2015,10,F,6.625598904859685,0.13,8.668379015789775,12.569277220221862,-0.054277627969071374,25
brog,tws,2015,10,F,6.743326488706366,0.826,10.087497441236584,13.27991339827003,0.4535893083774934,50
tatu,tws,2015,10,M,6.622861054072553,1,NA,11.047599728584329,0.05021412936764884,20
boyd,tws,2015,10,F,3.5290896646132786,0.217,8.127729654091757,12.580060435622539,-0.1464106916225066,39
dais,gn,2015,10,F,5.645448323066393,0,8.383331664944437,12.586870643074977,-0.00995942069425865,33
ting,gn,2015,10,M,4.739219712525667,0.526,7.8836380164577236,12.346086918069503,-0.24133245422714283,12
spad,gn,2015,10,F,5.738535249828884,0.368,NA,11.322953711312715,-0.14995942069425866,33
dann,gn,2015,10,M,2.6995208761122518,0,7.062462351493101,12.595646429911014,-0.2994310821689331,13
king,twn,2015,10,M,3.9507186858316223,0.364,8.372208969013537,11.186943266624704,-0.3007260138709726,2
ruki,twn,2015,10,M,4.646132785763176,0.273,7.055341962309823,9.719466841860163,-0.04978587063235114,2
bong,tws,2015,10,M,2.4476386036960984,0.696,8.716109619153562,10.366549686060871,-0.033200990620893475,20
fris,tws,2015,10,M,6.631074606433949,0.625,8.676701189711434,11.902757988245318,0.8406031091407156,2
amos,twn,2015,10,M,5.6591375770020536,0.636,8.134582701451462,10.745815221151998,-0.14358940775224005,35
king,twn,2015,10,M,3.9507186858316223,0.364,7.968108502575332,11.177818864693304,-0.14082858779991822,28
allo,twn,2015,10,M,2.516084873374401,0.636,7.841159041182597,11.025166977817824,-0.07028685203322889,14
onyx,twn,2015,10,M,2.674880219028063,0.909,NA,13.374015731995518,-0.17203858348591214,23
dext,gn,2015,10,M,2.5598904859685145,0.579,8.317822789532235,10.675978378353063,-0.17949263060302945,6
stre,gn,2015,10,F,6.614647501711157,0.684,8.541972090034035,11.358244308985208,-0.18924357222394178,7
fris,tws,2015,10,M,6.631074606433949,0.625,9.19083355333853,14.812286599799215,-0.28930457839996215,4
ruki,twn,2015,10,M,4.646132785763176,0.273,8.553219922463235,12.101192175677326,-0.16777139204653435,33
petr,twn,2015,10,F,5.533196440793977,0.091,9.51843238202822,13.71940289284091,-0.12082858779991827,6
safi,twn,2015,10,F,2.6338124572210813,0.818,7.4855544554229105,9.918298817360682,0.0667990093791065,5
stel,gn,2015,10,F,2.4394250513347022,0.684,9.811359028345796,11.59198578019751,0.2357052763761043,3
peke,tws,2015,10,M,4.791238877481177,0.174,9.86590543053617,13.638427575557358,0.07004057930574131,8
blas,tws,2015,10,M,3.698836413415469,0.13,7.800781879598607,11.907447212908925,-0.05670131775451939,28
fris,tws,2015,10,M,6.631074606433949,0.625,10.927100924029261,14.376874614416813,0.13994824646277482,8
davi,twn,2015,10,F,2.0971937029431897,1,NA,11.865597394320497,-0.09321125209051698,29
tesl,tws,2015,10,F,2.617385352498289,1,8.594932122136338,11.618452368001792,-0.0754810605989022,1
safi,twn,2015,10,F,2.6338124572210813,0.818,8.39603473947434,10.817221207348183,-0.11670131775451943,16
petr,twn,2015,10,F,5.533196440793977,0.091,8.84937529194239,12.387636148911135,-0.1893045783999622,21
tesl,tws,2015,10,F,2.617385352498289,1,8.6198196051063,11.172993849995391,-0.05670131775451939,7
kabu,twn,2015,10,F,2.4914442162902124,0.455,NA,10.407643716678912,-0.11155469773985853,21
mend,gn,2015,10,F,5.69472963723477,0.737,8.654078947329355,13.920965568609516,0.27917141220008174,21
dext,gn,2015,10,M,2.5598904859685145,0.579,8.606693787545574,10.17765479902212,-0.08395759345702201,29
ting,gn,2015,10,M,4.739219712525667,0.526,8.29328988520813,10.614081847042689,-0.032038583485912125,21
stel,gn,2015,10,F,2.4394250513347022,0.684,8.6288436925341,11.968923277530795,0.09004057930574132,11
dean,gn,2015,10,M,4.763860369609857,0.211,7.505441352365752,11.829155166249485,-0.07320099062089351,20
stre,gn,2015,10,F,6.614647501711157,0.684,NA,11.961646201007937,-0.06924357222394173,26
brav,tws,2015,10,M,2.5516769336071183,0.826,8.200354393786649,9.338980847675751,-0.13670131775451944,25
dann,gn,2015,10,M,2.6995208761122518,0,8.638019580910624,11.703562431241087,-0.05949263060302941,20
fris,tws,2015,11,M,6.715947980835044,0.625,9.977664342242056,11.696446386033264,0.29252579714164156,20
dubl,tws,2015,11,M,6.69678302532512,0.957,8.73155118206423,10.958867959090568,-0.09670131775451943,34
keny,twn,2015,11,M,5.768651608487337,0.455,9.08059325051452,10.151960033086967,-0.07526592240042519,22
peke,tws,2015,11,M,4.876112251882272,0.174,7.205600563352608,10.687934911993615,-0.043211252090517044,20
allo,twn,2015,11,M,2.6009582477754964,0.636,9.837896932569976,13.99973707014859,-0.34358940775224006,33
tesl,tws,2015,11,F,2.702258726899384,1,8.912170224717595,11.429711547632788,-0.01670131775451941,15
tatu,tws,2015,11,M,6.707734428473648,1,NA,10.871634400546899,0.28050736939697063,19
stel,gn,2015,11,F,2.524298425735797,0.684,9.086245204538109,10.983720107898527,-0.036701317754519486,51
burn,tws,2015,11,F,6.71047227926078,0.13,9.315292462308493,12.53352190927264,0.5106954216000377,40
bong,tws,2015,11,M,2.532511978097194,0.696,9.843761388505547,12.065938814098436,0.03228645797410157,2
bong,tws,2015,11,M,2.532511978097194,0.696,11.2506797556338,11.922348442666198,0.10534735214094598,23
atom,tws,2015,11,F,6.729637234770705,0.556,9.148912298332167,10.957540829331005,0.26572237203092874,21
safi,twn,2015,11,F,2.7186858316221767,0.818,8.359099065110753,12.784817154433815,0.07539863910541877,19
onyx,twn,2015,11,M,2.759753593429158,0.909,7.752985000164265,10.643042945302145,-0.043211252090517044,21
dais,gn,2015,11,F,5.730321697467488,0,11.916764533088186,11.19159483619758,0.10360901792962665,16
spad,gn,2015,11,F,5.823408624229979,0.368,8.973609337206247,13.8801380771439,0.06572237203092864,30
dann,gn,2015,11,M,2.784394250513347,0,12.40544032854434,12.676633236087351,0.05464859932545335,16
king,twn,2015,11,M,4.035592060232717,0.364,7.394772187546052,11.321242380171432,0.03464859932545333,15
kabu,twn,2015,11,F,2.5763175906913074,0.455,8.559596507325058,12.755234925530507,0.20572237203092866,16
petr,twn,2015,11,F,5.618069815195072,0.091,8.817368477847845,12.57301012062293,0.01927398612902748,31
ting,gn,2015,11,M,4.824093086926762,0.526,9.374123155822694,13.061903791421681,0.2080981817526822,35
renl,gn,2015,11,M,2.5516769336071183,0.263,10.584381973879914,15.219157092131866,0.4775945660708514,6
dean,gn,2015,11,M,4.848733744010952,0.211,8.406892863922259,11.435424809198464,-0.036701317754519486,8
mend,gn,2015,11,F,5.779603011635865,0.737,10.521971004998461,15.402648224659675,0.3501747102633826,31
tesl,tws,2015,11,F,2.702258726899384,1,9.806236942142673,13.840656734740856,0.4775945660708514,29
blas,tws,2015,11,M,3.783709787816564,0.13,9.0375562539861,12.047248745112036,0.7106954216000378,4
peke,tws,2015,11,M,4.876112251882272,0.174,8.908408769144206,12.721974492877653,0.8257223720309286,29
pira,gn,2015,11,M,4.799452429842574,0.947,12.250708593673698,11.703368936938801,0.2591714122000817,26
fris,tws,2015,11,M,6.715947980835044,0.625,9.828724463503706,13.619995850749431,0.8657223720309286,14
brav,tws,2015,11,M,2.6365503080082138,0.826,9.609704520229965,14.26238612605502,0.5307564277760581,14
tatu,tws,2015,11,M,6.707734428473648,1,9.730565864022749,12.59717006226714,0.18473407759957478,25
boyd,tws,2015,11,F,3.6139630390143735,0.217,8.954949881974645,11.967554774650946,-0.0242947236238957,25
ruki,twn,2015,11,M,4.731006160164271,0.273,9.492622737948142,11.729174315404446,0.12679900937910651,1
renl,gn,2015,11,M,2.5516769336071183,0.263,9.787748048466709,11.793132302291061,0.1397131479667711,25
stre,gn,2015,11,F,6.699520876112252,0.684,9.250793181932107,15.391232177064092,0.11641059224775993,27
mayh,gn,2015,11,F,5.672826830937714,0.789,9.283410133514208,14.761891645493256,0.17641059224776,10
bike,tws,2015,11,M,6.639288158795345,0.261,9.191623240997979,12.974891035827802,0.1232986822454806,13
davi,twn,2015,11,F,2.1820670773442847,1,9.234118375002376,14.040117417566456,0.47228645797410157,9
ruki,twn,2015,11,M,4.731006160164271,0.273,9.083635708562378,11.259237611049143,0.2684453022601414,8
keny,twn,2015,11,M,5.768651608487337,0.455,7.601615755532825,11.661829189196277,0.28056891783106686,12
amos,twn,2015,11,M,5.7440109514031485,0.636,8.887750035130843,13.40922531613654,0.4500405793057414,24
ropa,gn,2015,11,M,5.90280629705681,0.263,9.40831549991259,13.988956805382015,0.15570527637610435,8
dean,gn,2015,11,M,4.848733744010952,0.211,9.267005653706304,13.931183535314098,0.11570527637610431,7
dext,gn,2015,11,M,2.64476386036961,0.579,9.187707292960424,13.844985598894347,0.19570527637610438,34
spor,gn,2015,11,F,2.187542778918549,0.368,NA,12.038530074968968,0.07354404221110762,33
mole,gn,2015,11,F,2.5817932922655715,0.737,NA,12.271218253827797,0.3553986391054188,34
pam,twn,2015,11,F,2.6885694729637235,0.091,8.098282484526777,13.240342756764873,0.08329868224548057,5
blas,tws,2015,11,M,3.783709787816564,0.13,9.897187314063528,13.895118794747203,-0.22747420285835845,25
dame,tws,2015,11,F,3.8548939082819986,0.957,9.995077994679955,13.49778664334668,0.0632986822454806,6
pam,twn,2015,12,F,2.7707049965776864,0.091,9.39739648257834,14.559910511250738,-0.02627131248660342,17
safi,twn,2015,12,F,2.8008213552361396,0.818,8.347619568225035,12.67175053250462,-0.01465264785905402,20
dame,tws,2015,12,F,3.9370294318959616,0.957,12.203963183718342,12.533775545589727,0.5857223720309286,27
king,twn,2015,12,M,4.117727583846681,0.364,8.507490905003424,8.225532960148058,-0.06321125209051695,15
ruki,twn,2015,12,M,4.813141683778234,0.273,8.680550157169868,10.33284953793652,0.07228645797410155,18
atom,tws,2015,12,F,6.811772758384668,0.556,NA,11.672328871229412,0.19228645797410157,26
dean,gn,2015,12,M,4.930869267624915,0.211,8.888752348719766,13.665131339847541,0.0592739861290274,4
ropa,gn,2015,12,M,5.984941820670773,0.263,8.358964541819045,12.474722280671447,-0.005351400674546702,26
mayh,gn,2015,12,F,5.754962354551677,0.789,9.683381455478457,12.357879419524558,0.2992739861290275,24
dais,gn,2015,12,F,5.812457221081451,0,10.892636197871706,14.686258315823109,0.6647240872589893,33
dann,gn,2015,12,M,2.86652977412731,0,8.66103616325688,10.352594659879099,-0.07203858348591217,NA
brog,tws,2015,12,F,6.910335386721424,0.826,NA,13.423070249087653,1.5862988413653425,24
bong,tws,2015,12,M,2.614647501711157,0.696,10.109849885463985,11.666135039190339,0.20796141651408787,14
sevi,tws,2015,12,F,2.6858316221765914,0.87,9.779342407227427,11.072971675413456,0.8592739861290274,25
davi,twn,2015,12,F,2.2642026009582477,1,9.717465597310461,12.274512382222488,0.10360901792962665,14
kabu,twn,2015,12,F,2.6584531143052703,0.455,7.341013205179581,11.428998518573739,0.0036090179296266248,15
onyx,twn,2015,12,M,2.841889117043121,0.909,7.571818746267114,11.036991089337832,-0.016390982070373396,27
allo,twn,2015,12,M,2.6830937713894594,0.636,8.867167148061476,12.804023904732237,0.10050736939697062,14
keny,twn,2015,12,M,5.8507871321013,0.455,9.075930697080704,12.156648770209621,0.20534735214094596,24
dean,gn,2015,12,M,4.930869267624915,0.211,9.950503976943454,10.87525498566719,0.013544042211107677,38
bike,tws,2015,12,M,6.721423682409308,0.261,NA,12.136078926621483,0.5257223720309285,21
brav,tws,2015,12,M,2.7186858316221767,0.826,8.55424839874339,11.684470816421674,0.1322286079534657,14
dubl,tws,2015,12,M,6.778918548939083,0.957,9.127713204405703,13.259408490340727,0.15021412936764886,22
fris,tws,2015,12,M,6.798083504449007,0.625,8.693269922126019,11.286599004611961,0.09604240654297803,24
tesl,tws,2015,12,F,2.784394250513347,1,NA,10.360784094907531,0.0032986822454805515,12
davi,twn,2015,12,F,2.2642026009582477,1,8.535301040471506,12.053762461273353,0.027961416514087865,19
king,twn,2015,12,M,4.117727583846681,0.364,8.244775056939494,9.093255131066384,0.019713147966771094,18
pam,twn,2015,12,F,2.7707049965776864,0.091,10.091645153781728,12.7343441497227,0.02056891783106688,26
tatu,tws,2015,12,M,6.789869952087611,1,NA,12.370300225576656,1.353589308377493,12
bong,tws,2015,12,M,2.614647501711157,0.696,9.614077364463487,-13.287712379549449,0.24473407759957483,27
boyd,tws,2015,12,F,3.696098562628337,0.217,8.275330707418156,11.459658074376382,0.14050736939697062,10
spad,gn,2015,12,F,5.905544147843942,0.368,8.858013262039432,12.796996972113517,0.0023824688468841553,13
mend,gn,2015,12,F,5.861738535249829,0.737,9.098886754709806,13.655524537800778,0.006799009379106508,9
amos,twn,2015,12,M,5.8261464750171115,0.636,8.73334782658837,11.892649052319696,0.13228645797410155,10
petr,twn,2015,12,F,5.700205338809035,0.091,9.255430249987755,12.890206352989,0.11228645797410158,2
kabu,twn,2015,12,F,2.6584531143052703,0.455,9.485689230054321,13.396572058082464,0.1322286079534657,25
pira,gn,2015,12,M,4.8815879534565365,0.947,9.153346472384595,12.720594296112,0.013544042211107677,12
burn,tws,2015,12,F,6.792607802874743,0.13,9.795857117822216,14.162576436740856,1.0125257971416415,9
renl,gn,2015,12,M,2.6338124572210813,0.263,8.648365789354086,10.195935992354135,-0.1142776279690713,12
stre,gn,2015,12,F,6.781656399726215,0.684,NA,15.54939126052635,0.2535893083774934,10
petr,twn,2015,12,F,5.700205338809035,0.091,8.701510451387586,12.753022351808406,-0.007474202858358498,10
safi,twn,2015,12,F,2.8008213552361396,0.818,11.543589831263137,14.225563556483795,-0.0608285877999183,14
allo,twn,2015,12,M,2.6830937713894594,0.636,NA,14.185737895462754,0.22642191784989055,8
brav,tws,2015,12,M,2.7186858316221767,0.826,9.034444425744477,12.507699289596292,-0.10065710937724409,1
ruki,twn,2015,12,M,4.813141683778234,0.273,8.306125041574443,10.398899557704075,0.11004057930574133,10
peke,tws,2015,12,M,4.958247775496235,0.174,9.35053705160733,15.165338952111174,0.1645189394010978,7
blas,tws,2015,12,M,3.865845311430527,0.13,8.252927393470863,14.328530891393852,0.5737286875133965,8
brav,tws,2015,12,M,2.7186858316221767,0.826,9.361606145275632,12.341065840042987,0.3849292147332365,15
ting,gn,2015,12,M,4.906228610540725,0.526,9.740793105186304,14.357534970489452,0.4591714122000817,7
brog,tws,2015,12,F,6.910335386721424,0.826,11.389710901714068,13.930139894951903,0.4746485993254533,11
bike,tws,2015,12,M,6.721423682409308,0.261,11.990602283475784,14.37633755132189,0.7146485993254531,14
mayh,gn,2015,12,F,5.754962354551677,0.789,8.148451366701305,3.8385548443260302,-0.0664559577888924,7
mend,gn,2015,12,F,5.861738535249829,0.737,NA,12.671774031424501,-0.020828587799918256,18
burn,tws,2015,12,F,6.792607802874743,0.13,8.860319607675272,11.938346752591757,-0.14930457839996217,17
boyd,tws,2015,12,F,3.696098562628337,0.217,10.409363288406842,11.86881460806718,0.19658154879600276,7
sevi,tws,2015,12,F,2.6858316221765914,0.87,NA,14.047657174010212,-0.1262713124866034,6
peke,tws,2015,12,M,4.958247775496235,0.174,9.171864075230557,10.35280940295617,0.14238246884688416,16
dubl,tws,2015,12,M,6.778918548939083,0.957,9.4470827360914,13.922461962463611,0.7934157379319415,16
atom,tws,2015,12,F,6.811772758384668,0.556,8.476982933533526,12.4052823878256,0.08060310914071547,7
allo,twn,2015,12,M,2.6830937713894594,0.636,7.920190162213068,9.369136073016932,-0.14535140067454672,27
amos,twn,2015,12,M,5.8261464750171115,0.636,9.076971978281366,11.991384831370798,0.29222860795346567,15
spor,gn,2015,12,F,2.269678302532512,0.368,8.855221639398389,13.360569607209527,0.14572237203092872,1
dext,gn,2015,12,M,2.726899383983573,0.579,8.117892233594675,11.004775875202784,-0.07670131775451941,1
ting,gn,2015,12,M,4.906228610540725,0.526,8.442242990748893,12.42120015217954,-0.06460136089458123,1
spor,gn,2015,12,F,2.269678302532512,0.368,8.416099306107801,12.25117068317145,-0.016390982070373396,5
dame,tws,2015,12,F,3.9370294318959616,0.957,10.072133421344985,13.71358273866101,0.8062988413653425,5
tatu,tws,2015,12,M,6.789869952087611,1,10.580351981137047,6.843739444785207,-0.06072601387097261,15
blas,tws,2015,12,M,3.865845311430527,0.13,10.713876039572122,14.24672412404554,0.5135893083774934,9
tesl,tws,2015,12,F,2.784394250513347,1,9.926784000896587,13.349248104032638,0.17866754577285707,13
mole,gn,2015,12,F,2.6639288158795345,0.737,7.905167243620831,10.903652165356755,-0.07155469773985856,7
ropa,gn,2015,12,M,5.984941820670773,0.263,8.067673058620736,12.7703090526677,0.010040579305741367,7
stel,gn,2015,12,F,2.6064339493497606,0.684,7.74323458110437,11.66893584486354,-0.09943108216893312,1
spad,gn,2015,12,F,5.905544147843942,0.368,NA,11.299748355110335,-0.0764559577888923,4
pira,gn,2015,12,M,4.8815879534565365,0.947,8.666168984657427,13.229074454261031,0.12360901792962656,7
stre,gn,2015,12,F,6.781656399726215,0.684,9.272833768907304,10.58825056620996,0.4005073693969706,11
renl,gn,2015,12,M,2.6338124572210813,0.263,8.863088874072082,13.328401418707605,0.16360901792962662,11
stel,gn,2015,12,F,2.6064339493497606,0.684,8.284016435284379,10.062875020798078,0.08360901792962663,20
dext,gn,2015,12,M,2.726899383983573,0.579,7.615391893065492,13.35514208339627,-0.08535140067454672,4
petr,twn,2015,12,F,5.700205338809035,0.091,8.343637945731825,13.835904175051176,0.34472408725898934,5
ruki,twn,2015,12,M,4.813141683778234,0.273,NA,10.923078479950854,0.15658154879600272,6
fris,tws,2015,12,M,6.798083504449007,0.625,9.194325397882933,14.300041287345891,0.49866754577285716,4
onyx,twn,2015,12,M,2.841889117043121,0.909,9.72148230320259,13.829502685636031,-0.00460136089458129,6
keny,twn,2015,12,M,5.8507871321013,0.455,9.579926877982787,12.776916536041789,0.28629884136534234,4
ting,gn,2015,12,M,4.906228610540725,0.526,7.937319987952854,12.394985713263297,-0.07155469773985856,26
spad,gn,2016,1,F,5.990417522245037,0.368,8.071235608732222,13.709389423781085,-0.0942776279690713,17
spor,gn,2016,1,F,2.3545516769336072,0.368,7.937463318641054,13.446316329633783,-0.06771354202589847,7
sevi,tws,2016,1,F,2.7707049965776864,0.87,NA,14.401359463310142,-0.4725961000295249,2
mayh,gn,2016,1,F,5.839835728952772,0.789,8.466638677191476,13.968905500461013,-0.20460136089458125,23
safi,twn,2016,1,F,2.8856947296372346,0.818,8.711192871243789,13.486968662995478,-0.18072601387097256,21
dame,tws,2016,1,F,4.0219028062970565,0.957,8.223813366610637,13.384186064458255,-0.26065710937724396,1
dext,gn,2016,1,M,2.811772758384668,0.579,7.7949203462772,13.731994676608123,-0.09155469773985858,10
keny,twn,2016,1,M,5.935660506502396,0.455,8.743123860072782,12.880726206571364,-0.05203858348591216,21
boyd,tws,2016,1,F,3.780971937029432,0.217,8.56888713268357,13.600797325697403,-0.10001332155604045,23
fris,tws,2016,1,M,6.882956878850103,0.625,9.416124448709224,14.132921554857717,0.8847340775995746,21
petr,twn,2016,1,F,5.7850787132101305,0.091,8.870227482202793,14.627541350572226,-0.3461140446924064,31
atom,tws,2016,1,F,6.896646132785763,0.556,8.656075810886705,13.934212385545964,-0.09967564913109081,7
king,twn,2016,1,M,4.202600958247776,0.364,7.5518614496386425,14.36896256654415,-0.33289326883405623,22
dame,tws,2016,1,F,4.0219028062970565,0.957,8.696168543519647,12.579478848071991,0.13252579714164164,6
davi,twn,2016,1,F,2.349075975359343,1,9.975441406201504,13.13865538301033,-0.40930457839996215,1
brav,tws,2016,1,M,2.8035592060232717,0.826,8.424218820514136,12.955038759167671,0.005722372030928695,28
sevi,tws,2016,1,F,2.7707049965776864,0.87,9.239669672522652,11.141323942387796,0.044734077599574804,29
onyx,twn,2016,1,M,2.926762491444216,0.909,10.061580178357302,13.864468519739573,-0.19190181824731783,19
dais,gn,2016,1,F,5.897330595482546,0,9.641940890494823,15.149632541950552,0.09358930837749324,5
ropa,gn,2016,1,M,6.069815195071868,0.263,8.702511929267079,9.516500970927696,-0.0794310821689331,5
mole,gn,2016,1,F,2.74880219028063,0.737,8.5922129109198,12.076688547604258,-0.14930457839996217,14
ruki,twn,2016,1,M,4.898015058179329,0.273,8.678593960204543,10.79643403186797,-0.0400133215560404,34
davi,twn,2016,1,F,2.349075975359343,1,10.259326916480896,14.851100526189276,-0.5265842620680585,6
pira,gn,2016,1,M,4.9664613278576315,0.947,8.42662083072718,11.974194333941584,-0.03639098207037342,19
brog,tws,2016,1,F,6.995208761122519,0.826,8.62567093501575,13.441561665459156,-0.33967564913109094,19
blas,tws,2016,1,M,3.9507186858316223,0.13,8.350618834722393,15.053299203840748,-0.11357808215010955,17
stre,gn,2016,1,F,6.86652977412731,0.684,8.93090031775667,15.274794905820753,0.2937286875133966,4
spor,gn,2016,1,F,2.3545516769336072,0.368,8.658240321654448,14.70225948109748,-0.29526592240042515,15
renl,gn,2016,1,M,2.7186858316221767,0.263,NA,12.76641835479606,-0.2898910380749615,17
dais,gn,2016,1,F,5.897330595482546,0,8.75548242409823,13.570826505129455,0.21927398612902746,15
ropa,gn,2016,1,M,6.069815195071868,0.263,8.596212992153967,14.397203258176638,-0.31526592240042517,22
dame,tws,2016,1,F,4.0219028062970565,0.957,7.84944977092028,13.177948487491037,-0.23526592240042515,23
bike,tws,2016,1,M,6.806297056810404,0.261,11.407888856395983,11.669596242266744,-0.036701317754519486,11
atom,tws,2016,1,F,6.896646132785763,0.556,10.086023716847622,14.415796477835752,0.03584991954876274,27
tesl,tws,2016,1,F,2.869267624914442,1,8.735701001384747,13.756446915314898,-0.14240543392914873,16
kabu,twn,2016,1,F,2.7433264887063653,0.455,9.480153119870423,13.84623729854643,0.038667545772857165,13
pam,twn,2016,1,F,2.855578370978782,0.091,9.722760644341854,13.781012462112002,-0.04930457839996219,12
amos,twn,2016,1,M,5.9110198494182065,0.636,10.296185701196224,14.128563161646673,0.27217865625053816,9
davi,twn,2016,1,F,2.349075975359343,1,9.223365811142214,13.93779681867679,-0.09507078526676355,36
tatu,tws,2016,1,M,6.874743326488707,1,8.529780932373745,12.490130630260072,0.06714775666079305,11
bong,tws,2016,1,M,2.6995208761122518,0.696,8.147876159614041,10.67129715484279,-0.3493045783999621,11
burn,tws,2016,1,F,6.877481177275839,0.13,10.346618173115507,13.836447994863263,-0.04627131248660343,13
dubl,tws,2016,1,M,6.863791923340178,0.957,9.030832473615659,14.00893269962748,0.32534735214094596,14
peke,tws,2016,1,M,5.04312114989733,0.174,8.705900957638306,13.18822689701444,-0.1519018182473178,11
dean,gn,2016,1,M,5.01574264202601,0.211,8.159881333244872,12.975328255455368,-0.18627131248660345,12
dext,gn,2016,1,M,2.811772758384668,0.579,9.619770482886276,12.54003272629839,-0.09370115863465765,13
mend,gn,2016,1,F,5.946611909650924,0.737,8.764220146736443,15.841778849903761,-0.1194610531906896,18
stre,gn,2016,1,F,6.86652977412731,0.684,9.17459806182365,15.076133052865138,0.5165815487960026,31
mole,gn,2016,1,F,2.74880219028063,0.737,9.244031646029288,10.62909602224822,-0.07670131775451941,6
stel,gn,2016,1,F,2.6913073237508556,0.684,8.98233510414329,11.63899502132362,-0.07670131775451941,8
spad,gn,2016,1,F,5.990417522245037,0.368,9.43452398289945,14.481606875073924,0.19539863910541877,12
bike,tws,2016,1,M,6.806297056810404,0.261,8.99147575799976,14.258088449034346,0.09004057930574132,3
amos,twn,2016,1,M,5.9110198494182065,0.636,9.048124183468808,12.318587281523897,-0.08611404469240642,4
allo,twn,2016,1,M,2.7679671457905544,0.636,NA,12.78449239396579,0.2599866784439596,15
safi,twn,2016,1,F,2.8856947296372346,0.818,10.176187017306928,14.62746412131652,0.17934289062275596,9
onyx,twn,2016,1,M,2.926762491444216,0.909,8.752088916259128,12.36606222466975,0.10844530226014143,22
pam,twn,2016,1,F,2.855578370978782,0.091,9.83087529635365,14.66438829012067,0.15934289062275594,11
keny,twn,2016,1,M,5.935660506502396,0.455,9.367181035662696,13.380899024271676,-0.0653514006745467,15
peke,tws,2016,1,M,5.04312114989733,0.174,8.134720216666672,13.228633555286201,-0.18429472362389568,8
bong,tws,2016,1,M,2.6995208761122518,0.696,8.383283737901925,12.21286841190818,-0.19943108216893307,9
bike,tws,2016,1,M,6.806297056810404,0.261,8.954463060630093,13.982180117292554,0.013728687513396506,7
fris,tws,2016,1,M,6.882956878850103,0.625,9.75410432293039,13.374981045771413,0.2522286079534657,14
tatu,tws,2016,1,M,6.874743326488707,1,8.420492603663087,11.035433508635311,-0.1097858706323511,7
blas,tws,2016,1,M,3.9507186858316223,0.13,9.94979440077034,12.58116541509662,-0.37527591274101063,14
dean,gn,2016,1,M,5.01574264202601,0.211,8.986709530987193,12.487908110332263,-0.21526592240042514,10
dais,gn,2016,1,F,5.897330595482546,0,NA,NA,0.8864219178498907,1
ting,gn,2016,1,M,4.991101984941821,0.526,10.825609600455838,13.935632035988919,-0.15203858348591212,16
kabu,twn,2016,1,F,2.7433264887063653,0.455,9.634897989268914,13.492174005919921,-0.1246013608945813,14
mole,gn,2016,1,F,2.74880219028063,0.737,11.28325446414768,13.902057404346996,-0.19203858348591216,16
amos,twn,2016,1,M,5.9110198494182065,0.636,10.095953678466804,14.800154935118949,0.0062988413653423435,14
spor,gn,2016,1,F,2.3545516769336072,0.368,9.74550057250014,11.895056818613144,0.028445302260141477,21
pira,gn,2016,1,M,4.9664613278576315,0.947,8.898630171640574,13.311146225423753,-0.1519018182473178,15
boyd,tws,2016,1,F,3.780971937029432,0.217,10.328777886291128,14.707481552169032,-0.06982528973661739,7
dais,gn,2016,1,F,5.897330595482546,0,8.224753233120028,13.56232525465662,-0.23465264785905404,14
dext,gn,2016,1,M,2.811772758384668,0.579,8.267235646901765,13.379199206758027,-0.41370115863465773,15
brog,tws,2016,1,F,6.995208761122519,0.826,9.412575010065805,14.907785289005803,0.2935893083774935,5
king,twn,2016,1,M,4.202600958247776,0.364,8.840426076150884,14.292995919343282,-0.19285224333920695,22
mayh,gn,2016,1,F,5.839835728952772,0.789,NA,13.165802435168581,-0.2865842620680584,13
burn,tws,2016,1,F,6.877481177275839,0.13,8.868104563827874,14.525901510431085,-0.24035678441732772,5
tesl,tws,2016,1,F,2.869267624914442,1,9.731496314669243,12.605745260294391,-0.049891038074961466,4
renl,gn,2016,1,M,2.7186858316221767,0.263,8.789939519507334,13.2338362214009,-0.1246013608945813,8
stel,gn,2016,1,F,2.6913073237508556,0.684,9.073628535206996,13.45491201208978,-0.015265922400425246,4
dubl,tws,2016,1,M,6.863791923340178,0.957,9.785608849389078,12.489562489670584,0.2047340775995748,6
stel,gn,2016,2,F,2.7761806981519506,0.684,10.217749529228438,13.534876772354552,-0.09967564913109081,1
bike,tws,2016,2,M,6.891170431211499,0.261,9.38814290515943,13.347969697983947,0.15075642777605824,18
brog,tws,2016,2,F,7.080082135523614,0.826,10.275553438346746,14.097629725283344,0.33069542160003784,1
burn,tws,2016,2,F,6.962354551676934,0.13,8.847668429760121,14.395078543207362,0.7192739861290275,9
tatu,tws,2016,2,M,6.959616700889802,1,9.70120671695514,13.86613142960513,0.2796432155826723,8
tesl,tws,2016,2,F,2.954140999315537,1,8.869318014693478,13.080869426248876,-0.2674742028583585,14
mend,gn,2016,2,F,6.031485284052019,0.737,9.453630544571434,12.93011733913411,0.11252579714164161,9
brog,tws,2016,2,F,7.080082135523614,0.826,11.00340512097854,14.414717559582696,0.47964321558267226,13
spad,gn,2016,2,F,6.075290896646133,0.368,8.936794320233107,11.201312004939945,0.08473407759957473,16
peke,tws,2016,2,M,5.127994524298426,0.174,9.216902239425842,13.47105175655847,0.013589308377493404,13
stel,gn,2016,2,F,2.7761806981519506,0.684,9.471943237722916,10.608945847438257,-0.24747420285835847,39
ropa,gn,2016,2,M,6.154688569472964,0.263,8.348947754718033,12.92667711657701,-0.22924357222394176,15
dame,tws,2016,2,F,4.1067761806981515,0.957,10.709591487329568,11.683087787682124,0.19998667844395956,7
bong,tws,2016,2,M,2.784394250513347,0.696,8.769679414964909,11.906445514629603,-0.4061140446924065,8
brav,tws,2016,2,M,2.8884325804243667,0.826,9.825910214113648,12.46868101824876,-0.019675649131090964,12
boyd,tws,2016,2,F,3.865845311430527,0.217,8.50204257821148,12.685781627609572,-0.049891038074961466,7
dubl,tws,2016,2,M,6.9486652977412735,0.957,8.922661145234738,13.68782034629165,0.47570527637610444,7
safi,twn,2016,2,F,2.97056810403833,0.818,8.493440013166651,10.40053853139301,-0.18641069162250665,14
sevi,tws,2016,2,F,2.855578370978782,0.87,8.182340097134436,12.294169676510363,-0.22627131248660348,4
renl,gn,2016,2,M,2.8035592060232717,0.263,8.734846387762756,13.826466389347532,-0.4352759127410107,11
petr,twn,2016,2,F,5.8699520876112254,0.091,9.027290465520574,14.614417646983965,-0.09190181824731788,13
pam,twn,2016,2,F,2.940451745379877,0.091,8.239681849681988,14.151962457720437,-0.38341845120399726,11
dean,gn,2016,2,M,5.100616016427105,0.211,8.574220180892887,12.656982207516359,-0.03527591274101069,13
fris,tws,2016,2,M,6.967830253251198,0.625,9.104738617687087,14.30131100744238,0.12238246884688415,7
atom,tws,2016,2,F,6.981519507186858,0.556,8.920338034748346,13.721464470405618,0.07998667844395971,2
sevi,tws,2016,2,F,2.855578370978782,0.87,9.748860589078951,13.85623141196226,-0.08001332155604043,31
blas,tws,2016,2,M,4.035592060232717,0.13,8.298806663870005,13.937084574127098,-0.1194610531906896,8
amos,twn,2016,2,M,5.9958932238193015,0.636,8.899415205010992,12.821323258842925,-0.09465264785905403,7
kabu,twn,2016,2,F,2.8281998631074607,0.455,7.919232515287171,14.721046223945047,-0.15370115863465766,7
tatu,tws,2016,2,M,6.959616700889802,1,7.740094190136709,12.394625979879592,0.16714775666079315,34
keny,twn,2016,2,M,6.020533880903491,0.455,8.422226925012644,11.37696967640221,-0.09548106059890221,9
allo,twn,2016,2,M,2.8528405201916494,0.636,8.335227661491912,13.25830077837637,-0.025351400674546724,6
mayh,gn,2016,2,F,5.924709103353867,0.789,7.24901578615664,11.715763354947061,-0.22429472362389566,9
ruki,twn,2016,2,M,4.982888432580425,0.273,8.708316514230223,11.88650192841583,0.014648599325453314,9
burn,tws,2016,2,F,6.962354551676934,0.13,8.97685508064112,9.853450914442524,0.13917141220008172,35
dubl,tws,2016,2,M,6.9486652977412735,0.957,8.423122174834043,11.3615749415698,0.07641059224775994,33
dame,tws,2016,2,F,4.1067761806981515,0.957,8.763250158998723,11.834558157752591,-0.0246013608945812,30
boyd,tws,2016,2,F,3.865845311430527,0.217,8.585233888133018,12.414217610813616,-0.04341845120399733,30
atom,tws,2016,2,F,6.981519507186858,0.556,8.745476141071778,13.507967024526366,0.26710673116594386,29
pira,gn,2016,2,M,5.0513347022587265,0.947,8.002318400446324,12.71772143352609,-0.0242947236238957,9
dais,gn,2016,2,F,5.982203969883641,0,9.108667178128849,12.894089153582497,-0.22001332155604048,12
ting,gn,2016,2,M,5.075975359342916,0.526,10.40013737602406,12.839505792526843,-0.03527591274101069,5
mend,gn,2016,2,F,6.031485284052019,0.737,8.506251400135989,14.25048813310721,-0.08611404469240642,30
mole,gn,2016,2,F,2.833675564681725,0.737,8.305485304178607,14.246714437400662,-0.2537011586346577,7
dext,gn,2016,2,M,2.8966461327857633,0.579,8.865353081948122,13.046380359035911,0.010040579305741367,12
bong,tws,2016,2,M,2.784394250513347,0.696,8.766281581060035,11.011725332545897,-0.11203858348591215,28
allo,twn,2016,2,M,2.8528405201916494,0.636,8.495379188286304,13.008486642824707,-0.2664106916225066,28
tesl,tws,2016,2,F,2.954140999315537,1,8.91190502157906,13.346611634814893,-0.1861140446924065,24
fris,tws,2016,2,M,6.967830253251198,0.625,7.919807179720538,9.661975726658884,-0.020657109377244017,28
peke,tws,2016,2,M,5.127994524298426,0.174,7.809541730676064,10.264702981796178,-0.1893045783999622,25
brav,tws,2016,2,M,2.8884325804243667,0.826,8.789690026200896,12.963918102899544,-0.19285224333920695,31
brog,tws,2016,2,F,7.080082135523614,0.826,8.325375910802798,11.824250722839691,0.007106731165943842,30
stre,gn,2016,2,F,6.951403148528406,0.684,NA,13.523729682717697,-0.10645595778889233,7
renl,gn,2016,2,M,2.8035592060232717,0.263,8.102105261434259,14.348590924742748,-0.09320099062089353,28
ting,gn,2016,2,M,5.075975359342916,0.526,9.605937641809989,13.816768674131168,-0.1462713124866034,29
kabu,twn,2016,2,F,2.8281998631074607,0.455,9.325742926441105,12.569879456039144,-0.45370115863465765,25
onyx,twn,2016,2,M,3.0116358658453115,0.909,9.467288815117131,13.25492138221859,-0.4865842620680583,2
blas,tws,2016,2,M,4.035592060232717,0.13,7.351497203937937,10.192310102100759,-0.19465264785905406,21
pam,twn,2016,2,F,2.940451745379877,0.091,8.704906979529055,12.530226347855782,-0.2735780821501095,25
amos,twn,2016,2,M,5.9958932238193015,0.636,8.616500095686279,12.85923918174795,-0.24627131248660344,24
spor,gn,2016,2,F,2.4394250513347022,0.368,9.505955049054593,11.547328210973967,-0.5173303526891697,3
safi,twn,2016,2,F,2.97056810403833,0.818,7.85154038362616,12.646613090029259,-0.17465264785905404,1
ropa,gn,2016,2,M,6.154688569472964,0.263,8.06673031174403,10.98980527226704,-0.13943108216893307,2
mayh,gn,2016,2,F,5.924709103353867,0.789,7.832368277854759,11.520692337260007,-0.08395759345702201,27
spad,gn,2016,2,F,6.075290896646133,0.368,9.404906958374633,14.614097220253107,-0.023418451203997315,25
ruki,twn,2016,2,M,4.982888432580425,0.273,7.172147256852097,12.56065310954631,-0.25939689085928447,22
petr,twn,2016,2,F,5.8699520876112254,0.091,7.432237257042841,12.831665286951322,-0.4319018182473179,29
mole,gn,2016,2,F,2.833675564681725,0.737,9.47828796765086,14.493287706640658,0.030695421600037773,22
king,twn,2016,2,M,4.287474332648871,0.364,7.863520927547791,9.96192143177219,-0.2834184512039973,4
dean,gn,2016,2,M,5.100616016427105,0.211,9.060508531921073,9.129500958163664,0.013728687513396506,27
onyx,twn,2016,2,M,3.0116358658453115,0.909,8.364377308282679,12.778573120742989,-0.2898910380749615,6
davi,twn,2016,2,F,2.433949349760438,1,8.122209828315302,11.082557331478403,-0.39527591274101065,4
keny,twn,2016,2,M,6.020533880903491,0.455,8.541565302034442,12.583932138805459,-0.2207260138709725,23
safi,twn,2016,2,F,2.97056810403833,0.818,7.79601566445031,10.582985662839715,-0.25939689085928447,25
spor,gn,2016,2,F,2.4394250513347022,0.368,NA,14.11339915635265,-0.0246013608945812,3
pira,gn,2016,2,M,5.0513347022587265,0.947,8.222559258053222,13.76517827112389,0.008098181752682097,26
ropa,gn,2016,2,M,6.154688569472964,0.263,8.197724137741977,13.877511635622694,0.016581548796002717,26
bike,tws,2016,2,M,6.891170431211499,0.261,8.950425856188547,15.121234661650567,0.2662988413653423,18
king,twn,2016,2,M,4.287474332648871,0.364,8.099328426539856,12.516789344422062,-0.26072601387097255,18
davi,twn,2016,2,F,2.433949349760438,1,8.550744619985684,14.482740462539455,-0.1942776279690713,2
dais,gn,2016,2,F,5.982203969883641,0,9.124831617059957,14.732825653780056,-0.06924357222394173,18
stre,gn,2016,2,F,6.951403148528406,0.684,9.9589679921384,13.062457754798066,-0.04930457839996219,1
spor,gn,2016,2,F,2.4394250513347022,0.368,8.42744881530911,13.568773243269007,-0.21946105319068954,23
stre,gn,2016,2,F,6.951403148528406,0.684,7.762657067503879,11.40312222466908,-0.1193968908592845,17
dext,gn,2016,2,M,2.8966461327857633,0.579,6.885416960867511,12.238359552375215,-0.14358940775224005,17
davi,twn,2016,2,F,2.433949349760438,1,7.937582750004558,12.380476721290032,0.2357052763761043,26
onyx,twn,2016,2,M,3.0116358658453115,0.909,7.954988057094473,14.404782603244424,-0.4278213437494619,19
blas,tws,2016,3,M,4.114989733059549,0.13,7.004577514499592,12.342191233851443,-0.07155469773985856,10
bike,tws,2016,3,M,6.97056810403833,0.261,NA,12.097277550687004,-2.868520332289272e-4,2
atom,tws,2016,3,F,7.060917180013689,0.556,8.222872887411173,11.984441823149306,0.03228645797410157,4
tesl,tws,2016,3,F,3.033538672142368,1,8.619609069529,11.262307509381078,-0.05320099062089349,6
bong,tws,2016,3,M,2.863791923340178,0.696,8.754924608040218,9.303759766775544,-0.08005175353722517,7
sevi,tws,2016,3,F,2.9349760438056127,0.87,NA,11.862577681550638,-0.2563909820703734,6
bike,tws,2016,3,M,6.97056810403833,0.261,9.487428450673598,11.294172732458364,-0.19943108216893307,6
peke,tws,2016,3,M,5.207392197125257,0.174,9.527354092925354,14.680154210188704,-0.10747420285835847,6
amos,twn,2016,3,M,6.075290896646133,0.636,8.221563373888696,11.172881145303249,-0.019431082168933047,7
boyd,tws,2016,3,F,3.9452429842573578,0.217,7.963104013723087,13.309631486766136,-0.2642947236238956,6
king,twn,2016,3,M,4.3668720054757015,0.364,7.5189500203784885,8.411629161110637,-0.016390982070373396,1
ruki,twn,2016,3,M,5.062286105407256,0.273,8.055503382734148,10.518341770801394,-0.016390982070373396,10
dame,tws,2016,3,F,4.186173853524983,0.957,8.086166198210721,12.600413328237693,-0.15639098207037339,5
dext,gn,2016,3,M,2.976043805612594,0.579,8.36524541731691,13.976826717643661,-0.041332454227142795,3
dais,gn,2016,3,F,6.061601642710472,0,10.005310483451165,13.957091345584164,0.8457223720309286,5
stre,gn,2016,3,F,7.030800821355236,0.684,9.571244114532513,14.648594358835176,0.5880981817526821,4
mole,gn,2016,3,F,2.9130732375085557,0.737,8.8922871572937,13.568826184879367,-0.10924357222394178,13
keny,twn,2016,3,M,6.099931553730322,0.455,8.328763827470926,10.20331070901448,-0.10082858779991828,6
stel,gn,2016,3,F,2.855578370978782,0.684,9.694700827866143,13.11234350999738,0.2047340775995748,4
king,twn,2016,3,M,4.3668720054757015,0.364,7.231426550720513,11.57775505880749,-0.14995942069425866,9
kabu,twn,2016,3,F,2.9075975359342916,0.455,7.791958826708586,11.032936081639631,-0.10395759345702192,6
pam,twn,2016,3,F,3.0198494182067077,0.091,7.665534600605774,10.362097730584201,-0.10028685203322892,6
mend,gn,2016,3,F,6.11088295687885,0.737,NA,12.18987582726634,-5.1753537225210366e-5,4
onyx,twn,2016,3,M,3.0910335386721424,0.909,8.599078021014613,15.35304782848264,-0.2742776279690713,4
allo,twn,2016,3,M,2.9322381930184807,0.636,8.325666270930293,12.939989242946401,0.18534735214094594,4
safi,twn,2016,3,F,3.049965776865161,0.818,NA,15.360544377391978,-0.22429472362389566,4
fris,tws,2016,3,M,7.047227926078029,0.625,NA,14.985942389754698,0.2557052763761043,8
atom,tws,2016,3,F,7.060917180013689,0.556,9.724396140108016,NA,0.19464859932545325,8
tatu,tws,2016,3,M,7.039014373716633,1,9.361480389395002,14.796702265843917,0.3005689178310669,4
dubl,tws,2016,3,M,7.028062970568104,0.957,8.680515904744247,13.740498129077205,0.2346485993254533,8
dext,gn,2016,3,M,2.976043805612594,0.579,8.585521363483354,12.668231368850039,-0.04429472362389561,NA
spad,gn,2016,3,F,6.154688569472964,0.368,8.499148012861431,13.21611477084614,-0.05939689085928454,7
renl,gn,2016,3,M,2.8829568788501025,0.263,NA,12.415142188863921,-0.0292435722239418,1
stre,gn,2016,3,F,7.030800821355236,0.684,8.197521611590048,11.153391778983403,0.06572237203092864,1
bike,tws,2016,3,M,6.97056810403833,0.261,7.734503104953167,10.120666198785424,-0.08777139204653435,9
tesl,tws,2016,3,F,3.033538672142368,1,7.823637358124232,12.860409725339757,0.05570527637610437,9
brog,tws,2016,3,F,7.1594798083504445,0.826,9.262083383538354,12.529643278020915,-0.08429472362389565,2
burn,tws,2016,3,F,7.041752224503765,0.13,9.342957600152117,15.552343524116248,0.005722372030928695,6
sevi,tws,2016,3,F,2.9349760438056127,0.87,9.665882035948249,14.300262864576853,-0.1246013608945813,9
dame,tws,2016,3,F,4.186173853524983,0.957,10.114258391681334,13.98023631489193,-0.019431082168933047,9
pira,gn,2016,3,M,5.130732375085558,0.947,8.492645446290318,13.20820589105785,-0.05939689085928454,7
dean,gn,2016,3,M,5.1800136892539355,0.211,8.621355810870458,15.118433406359916,-0.3007260138709726,8
dais,gn,2016,3,F,6.061601642710472,0,8.409547317368236,11.207277860615408,6.031091407155305e-4,12
spor,gn,2016,3,F,2.518822724161533,0.368,8.80344519862993,11.51388922698785,-0.03943108216893307,NA
ting,gn,2016,3,M,5.155373032169747,0.526,8.171690635534505,11.499972786684424,0.044734077599574804,5
renl,gn,2016,3,M,2.8829568788501025,0.263,NA,10.688983938096001,-0.025351400674546724,2
stre,gn,2016,3,F,7.030800821355236,0.684,8.337788558865341,12.31774435183925,-0.020726013870972556,12
stel,gn,2016,3,F,2.855578370978782,0.684,8.779318762187117,11.811619618187756,-0.06429472362389563,8
ropa,gn,2016,3,M,6.234086242299795,0.263,9.435082409475374,11.484577065164267,0.0102141293676488,8
mayh,gn,2016,3,F,6.0041067761806985,0.789,8.45600646170957,11.323982155513548,-0.04627131248660343,NA
mend,gn,2016,3,F,6.11088295687885,0.737,8.252339064791926,10.777828645199412,-0.1099594206942587,NA
brav,tws,2016,3,M,2.967830253251198,0.826,10.371371220012763,13.46085585462262,0.46060310914071545,5
bong,tws,2016,3,M,2.863791923340178,0.696,9.00507905979958,12.65142148069268,0.07464859932545326,NA
peke,tws,2016,3,M,5.207392197125257,0.174,8.612484488803487,12.808976510447,0.11917141220008169,NA
boyd,tws,2016,3,F,3.9452429842573578,0.217,9.450946820938324,11.616746153288453,-0.07949263060302937,8
pam,twn,2016,3,F,3.0198494182067077,0.091,9.152877459799692,10.835194902422758,-0.09465264785905403,NA
kabu,twn,2016,3,F,2.9075975359342916,0.455,10.240476187256963,11.409683483871481,-0.04460136089458122,NA
onyx,twn,2016,3,M,3.0910335386721424,0.909,8.681406203620483,10.901454433879797,-0.13465264785905406,NA
keny,twn,2016,3,M,6.099931553730322,0.455,10.310783152727986,12.098480595810123,-0.029891038074961563,NA
safi,twn,2016,3,F,3.049965776865161,0.818,9.05337498100744,13.937789596175914,-0.2776175311531159,NA
allo,twn,2016,3,M,2.9322381930184807,0.636,8.174000796221705,11.926083720415805,-0.18627131248660345,NA
amos,twn,2016,3,M,6.075290896646133,0.636,NA,12.224293517823208,-0.21190181824731785,NA
brog,tws,2016,3,F,7.1594798083504445,0.826,9.122522195979503,13.214692600376994,0.07570527637610439,5
blas,tws,2016,3,M,4.114989733059549,0.13,8.975633343279004,11.026871527381633,-0.02777139204653434,7
tatu,tws,2016,3,M,7.039014373716633,1,9.455777160400874,10.981053933203011,0.008445302260141457,NA
petr,twn,2016,3,F,5.949349760438056,0.091,8.079225512597375,12.034011537776385,-0.29190181824731787,3
renl,gn,2016,3,M,2.8829568788501025,0.263,8.373911352982867,12.83399565515773,-0.274652647859054,NA
spad,gn,2016,3,F,6.154688569472964,0.368,8.943613106070485,12.731931192377996,-0.03639098207037342,NA
davi,twn,2016,3,F,2.513347022587269,1,8.254885084584336,13.21174290003994,-0.09939689085928458,3
ting,gn,2016,3,M,5.155373032169747,0.526,9.199453131823313,13.769601430948146,0.2965815487960027,NA
king,twn,2016,3,M,4.3668720054757015,0.364,8.691633475517634,11.673689947085332,-0.3498910380749615,NA
petr,twn,2016,3,F,5.949349760438056,0.091,8.63750778274433,13.903520792079851,-0.2542776279690713,NA
ruki,twn,2016,3,M,5.062286105407256,0.273,8.761755101209486,11.709201022500226,-0.2692435722239418,NA
fris,tws,2016,3,M,7.047227926078029,0.625,9.416487824651414,12.275281516066382,-0.13465264785905406,7
brav,tws,2016,3,M,2.967830253251198,0.826,8.02340469171744,10.93396865960955,-0.31939689085928447,3
atom,tws,2016,3,F,7.060917180013689,0.556,6.601602938697371,10.603447573717196,-0.29939689085928445,2
burn,tws,2016,3,F,7.041752224503765,0.13,10.135937981063472,12.139843162988427,-0.12082858779991827,NA
dubl,tws,2016,3,M,7.028062970568104,0.957,10.166977014094158,12.266286789442042,-0.0763909820703734,2
pira,gn,2016,3,M,5.130732375085558,0.947,9.125227146888587,13.524709171935877,-0.05320099062089349,NA
brog,tws,2016,3,F,7.1594798083504445,0.826,10.678908732322146,11.725549455494246,0.01917141220008172,NA
atom,tws,2016,3,F,7.060917180013689,0.556,9.117375402209191,11.6337546495684,-0.04341845120399733,5
davi,twn,2016,3,F,2.513347022587269,1,9.2187628604344,12.40829956500592,-0.04535140067454668,NA
mole,gn,2016,3,F,2.9130732375085557,0.737,8.133593800322261,11.851598782843093,-0.13943108216893307,NA
dean,gn,2016,3,M,5.1800136892539355,0.211,8.644656487570687,11.144961144522343,0.06534735214094593,4
stel,gn,2016,3,F,2.855578370978782,0.684,9.025246494655004,9.253948263475836,0.008445302260141457,NA
ropa,gn,2016,3,M,6.234086242299795,0.263,9.22256178759496,10.49808438647391,-0.16072601387097254,NA
dubl,tws,2016,3,M,7.028062970568104,0.957,8.27580582517015,13.612890879729681,-0.20995942069425866,5
dame,tws,2016,3,F,4.186173853524983,0.957,8.845056782826411,11.276712208136182,-0.16082858779991824,NA
tesl,tws,2016,3,F,3.033538672142368,1,9.264703702906091,11.498152154633237,-0.36429472362389564,NA
blas,tws,2016,3,M,4.114989733059549,0.13,9.039338046621248,9.240580882122096,-0.04771354202589845,NA
boyd,tws,2016,3,F,3.9452429842573578,0.217,9.114061297016587,10.184340423371399,-0.18777139204653437,NA
sevi,tws,2016,3,F,2.9349760438056127,0.87,9.135041034536895,11.288926313791828,-0.22535140067454668,NA
bike,tws,2016,3,M,6.97056810403833,0.261,9.12194426261405,11.629842026611483,-0.009785870632351108,NA
brav,tws,2016,3,M,2.967830253251198,0.826,9.251892378206911,11.140014455827894,-0.11526592240042517,NA
atom,tws,2016,3,F,7.060917180013689,0.556,9.249887332210799,13.367854175635692,-0.13203858348591216,NA
dubl,tws,2016,3,M,7.028062970568104,0.957,NA,12.541417322534485,-0.22082858779991824,NA
dais,gn,2016,3,F,6.061601642710472,0,11.116388933143968,11.751567366859359,0.07075642777605817,NA
stre,gn,2016,3,F,7.030800821355236,0.684,9.666357735582142,11.254508836504714,-0.1246013608945813,NA
dean,gn,2016,3,M,5.1800136892539355,0.211,9.626778033588906,12.21136349412496,0.2307564277760582,NA
fris,tws,2016,3,M,7.047227926078029,0.625,10.096659774330982,12.831802143291341,-0.2453514006745467,NA
